driver_userid,startDateTime,endDateTime,vehicle_code,distance,fuelConsumption,maxRPM,maxSpeed,nbHarshBraking,nbHarshCornering,nbRapidAcceleration,nbTailGating,nbInfoTainmentUsageWhileDriving
103167,2022-01-01T11:42:09.000Z,2022-01-01T16:42:09.000Z,500003,396,41.6,941,120,0,0,4,5,4
103167,2022-01-03T12:02:43.000Z,2022-01-03T17:02:43.000Z,500002,517,53,1984,37,0,0,2,0,0
103167,2022-01-05T11:07:40.000Z,2022-01-05T18:07:40.000Z,500003,549,56.8,1000,105,0,3,5,0,0
103167,2022-01-07T11:05:24.000Z,2022-01-07T16:05:24.000Z,500003,292,31.1,1057,117,0,0,0,2,3
103167,2022-01-09T11:52:58.000Z,2022-01-09T17:52:58.000Z,500002,588,60.4,1335,56,0,0,0,0,6
103167,2022-01-10T11:47:24.000Z,2022-01-10T17:47:24.000Z,500004,562,56.9,1570,147,0,0,0,7,4
103167,2022-01-11T12:31:24.000Z,2022-01-11T16:31:24.000Z,500004,556,55.7,807,33,0,0,1,0,1
103167,2022-01-12T11:14:10.000Z,2022-01-12T16:14:10.000Z,500003,460,46.1,2302,109,3,0,0,6,2
103167,2022-01-14T11:21:30.000Z,2022-01-14T16:21:30.000Z,500003,252,25.2,1466,162,6,0,0,0,0
103167,2022-01-16T12:35:17.000Z,2022-01-16T16:35:17.000Z,500003,479,49.4,2296,21,4,0,2,6,5
103167,2022-01-18T12:14:30.000Z,2022-01-18T18:14:30.000Z,500003,559,56,2334,38,4,1,3,2,4
103167,2022-01-19T12:35:18.000Z,2022-01-19T19:35:18.000Z,500002,341,35.3,1894,61,6,0,0,0,0
103167,2022-01-21T12:14:30.000Z,2022-01-21T19:14:30.000Z,500003,605,62.3,2204,65,4,1,1,2,0
103167,2022-01-22T12:02:10.000Z,2022-01-22T16:02:10.000Z,500003,148,15.7,2330,29,3,0,0,6,0
103167,2022-01-23T12:28:45.000Z,2022-01-23T17:28:45.000Z,500004,576,58,851,65,0,0,0,0,3
103167,2022-01-24T11:01:56.000Z,2022-01-24T16:01:56.000Z,500003,468,48.3,1721,57,0,0,0,2,0
103167,2022-01-26T11:05:40.000Z,2022-01-26T17:05:40.000Z,500002,463,47.4,2496,188,0,0,0,0,6
103167,2022-01-28T12:18:43.000Z,2022-01-28T19:18:43.000Z,500004,316,33.1,1900,74,0,3,0,0,0
103167,2022-02-01T11:20:05.000Z,2022-02-01T15:20:05.000Z,500002,589,60.6,1341,23,0,0,1,0,0
103167,2022-02-02T12:57:20.000Z,2022-02-02T18:57:20.000Z,500003,140,15.4,4904,64,0,0,0,0,4
103167,2022-02-04T12:11:28.000Z,2022-02-04T16:11:28.000Z,500002,464,48.2,1355,118,0,0,2,0,0
103167,2022-02-05T11:00:49.000Z,2022-02-05T15:00:49.000Z,500004,499,51.3,3249,67,0,2,0,2,0
103167,2022-02-07T11:22:27.000Z,2022-02-07T18:22:27.000Z,500002,117,13.3,1474,78,0,1,4,3,0
103167,2022-02-09T11:12:13.000Z,2022-02-09T16:12:13.000Z,500003,450,46.7,1118,83,0,0,2,3,6
103167,2022-02-10T12:17:06.000Z,2022-02-10T18:17:06.000Z,500003,495,51.4,2360,47,0,3,4,0,0
103167,2022-02-11T11:04:05.000Z,2022-02-11T18:04:05.000Z,500002,566,56.9,2312,27,5,0,0,0,0
103167,2022-02-13T12:00:30.000Z,2022-02-13T19:00:30.000Z,500003,276,29.1,1481,57,0,5,0,0,4
103167,2022-02-14T12:54:32.000Z,2022-02-14T19:54:32.000Z,500004,77,7.7,2445,47,0,5,2,5,0
103167,2022-02-15T12:55:20.000Z,2022-02-15T16:55:20.000Z,500003,170,18.9,1639,32,0,0,0,4,0
103167,2022-02-17T11:26:23.000Z,2022-02-17T17:26:23.000Z,500003,291,30.6,1666,131,6,5,0,0,4
103167,2022-02-19T12:12:14.000Z,2022-02-19T16:12:14.000Z,500003,281,29,1899,34,3,0,0,6,0
103167,2022-02-21T11:44:09.000Z,2022-02-21T18:44:09.000Z,500003,184,19.7,1065,54,3,0,0,2,5
103167,2022-02-22T12:22:52.000Z,2022-02-22T19:22:52.000Z,500004,575,57.7,2478,113,1,4,5,0,0
103167,2022-02-23T11:53:23.000Z,2022-02-23T15:53:23.000Z,500004,104,12.3,1259,115,0,1,0,2,1
103167,2022-02-25T11:17:16.000Z,2022-02-25T18:17:16.000Z,500004,259,26.5,2437,98,0,2,0,1,0
103167,2022-02-27T12:11:37.000Z,2022-02-27T19:11:37.000Z,500004,493,49.9,1321,91,6,3,0,0,0
103167,2022-03-01T11:50:45.000Z,2022-03-01T17:50:45.000Z,500003,309,32.7,1401,132,0,4,0,0,0
103167,2022-03-03T11:04:10.000Z,2022-03-03T17:04:10.000Z,500003,472,47.8,2185,72,0,0,3,3,0
103167,2022-03-04T12:50:04.000Z,2022-03-04T16:50:04.000Z,500004,382,40.2,2018,51,0,0,2,0,0
103167,2022-03-05T12:54:03.000Z,2022-03-05T18:54:03.000Z,500002,581,58.4,855,25,6,0,0,3,0
103167,2022-03-07T12:17:49.000Z,2022-03-07T17:17:49.000Z,500002,544,55.5,1049,30,0,2,0,6,0
103167,2022-03-08T12:55:41.000Z,2022-03-08T19:55:41.000Z,500002,348,35.5,5114,75,0,1,0,1,2
103167,2022-03-09T12:46:06.000Z,2022-03-09T18:46:06.000Z,500002,298,31,1315,55,0,2,0,0,3
103167,2022-03-11T11:22:03.000Z,2022-03-11T15:22:03.000Z,500002,468,47.8,1034,69,0,0,0,6,0
103167,2022-03-12T11:03:08.000Z,2022-03-12T17:03:08.000Z,500004,117,11.9,1272,20,3,0,3,0,5
103167,2022-03-13T11:14:27.000Z,2022-03-13T18:14:27.000Z,500004,319,33.9,3804,42,0,3,0,2,0
103167,2022-03-14T12:11:34.000Z,2022-03-14T18:11:34.000Z,500002,457,47.2,3933,67,0,1,0,0,5
103167,2022-03-16T12:56:52.000Z,2022-03-16T17:56:52.000Z,500003,599,60.4,1502,114,5,0,1,7,1
103167,2022-03-18T12:15:02.000Z,2022-03-18T17:15:02.000Z,500002,360,36.2,1948,34,0,0,0,0,0
103167,2022-03-19T11:08:21.000Z,2022-03-19T15:08:21.000Z,500004,415,42.9,921,51,0,0,1,0,0
103167,2022-03-20T12:18:14.000Z,2022-03-20T17:18:14.000Z,500002,116,12.3,1449,28,1,3,4,1,3
103167,2022-03-22T11:02:42.000Z,2022-03-22T18:02:42.000Z,500002,294,30.1,1937,99,2,4,0,1,6
103167,2022-03-24T12:19:43.000Z,2022-03-24T16:19:43.000Z,500004,139,15.9,1824,86,1,0,4,0,0
103167,2022-03-25T11:49:35.000Z,2022-03-25T17:49:35.000Z,500004,67,7.4,1590,76,0,3,3,0,3
103167,2022-03-26T12:24:43.000Z,2022-03-26T17:24:43.000Z,500003,584,59.1,2423,78,0,0,3,7,0
103167,2022-03-28T10:00:00.000Z,2022-03-28T17:00:00.000Z,500002,79,9.5,3725,54,0,3,0,0,0
103167,2022-04-01T10:47:10.000Z,2022-04-01T16:47:10.000Z,500002,114,12.8,1943,102,3,3,0,0,6
103167,2022-04-02T11:17:27.000Z,2022-04-02T15:17:27.000Z,500002,320,33.9,1562,83,0,0,4,0,0
103167,2022-04-04T11:41:48.000Z,2022-04-04T16:41:48.000Z,500002,536,54.5,2274,50,4,0,0,7,0
103167,2022-04-06T11:48:44.000Z,2022-04-06T15:48:44.000Z,500002,275,29.3,1258,74,0,3,0,0,4
103167,2022-04-07T10:12:28.000Z,2022-04-07T14:12:28.000Z,500003,465,47.8,2230,46,3,2,0,3,0
103167,2022-04-09T10:07:01.000Z,2022-04-09T16:07:01.000Z,500003,161,18,2289,91,5,0,0,0,0
103167,2022-04-10T11:59:33.000Z,2022-04-10T18:59:33.000Z,500003,404,41.7,996,42,0,1,2,0,3
103167,2022-04-12T11:49:29.000Z,2022-04-12T17:49:29.000Z,500004,490,49.9,1872,21,0,0,1,6,0
103167,2022-04-13T10:43:15.000Z,2022-04-13T14:43:15.000Z,500002,249,25.1,1459,101,0,3,1,0,1
103167,2022-04-15T10:05:39.000Z,2022-04-15T15:05:39.000Z,500003,300,30.7,2229,172,0,2,0,0,0
103167,2022-04-16T11:31:39.000Z,2022-04-16T16:31:39.000Z,500004,431,44,1622,43,0,0,0,5,0
103167,2022-04-18T10:47:00.000Z,2022-04-18T16:47:00.000Z,500004,556,56.5,1586,53,4,5,0,0,4
103167,2022-04-19T11:40:30.000Z,2022-04-19T16:40:30.000Z,500004,337,35,1101,74,0,4,2,7,0
103167,2022-04-21T10:54:28.000Z,2022-04-21T14:54:28.000Z,500002,529,53.4,1681,70,0,0,0,5,0
103167,2022-04-23T11:38:39.000Z,2022-04-23T17:38:39.000Z,500004,214,21.5,3643,27,1,0,0,4,6
103167,2022-04-24T11:41:49.000Z,2022-04-24T17:41:49.000Z,500004,101,10.5,2397,34,4,0,0,0,0
103167,2022-04-26T10:03:37.000Z,2022-04-26T14:03:37.000Z,500002,390,39.1,1717,67,0,5,3,0,6
103167,2022-04-27T10:43:48.000Z,2022-04-27T16:43:48.000Z,500003,389,40.1,1667,86,2,0,0,0,5
103167,2022-05-01T10:24:44.000Z,2022-05-01T16:24:44.000Z,500003,264,27.3,2004,72,0,1,0,0,5
103167,2022-05-02T10:21:32.000Z,2022-05-02T17:21:32.000Z,500003,321,32.1,1209,66,0,2,0,0,6
103167,2022-05-03T11:58:09.000Z,2022-05-03T16:58:09.000Z,500004,389,39.1,1347,103,0,4,2,5,0
103167,2022-05-05T11:04:49.000Z,2022-05-05T17:04:49.000Z,500002,481,48.4,1376,44,0,0,0,0,0
103167,2022-05-07T11:18:12.000Z,2022-05-07T18:18:12.000Z,500002,85,10.3,2197,113,0,4,0,0,4
103167,2022-05-09T11:52:29.000Z,2022-05-09T17:52:29.000Z,500003,583,58.8,980,53,0,0,0,0,0
103167,2022-05-10T11:53:19.000Z,2022-05-10T16:53:19.000Z,500004,537,54.5,1723,26,3,2,0,0,3
103167,2022-05-12T10:28:08.000Z,2022-05-12T14:28:08.000Z,500002,481,48.7,855,27,0,0,0,0,0
103167,2022-05-14T10:57:25.000Z,2022-05-14T16:57:25.000Z,500004,298,31.8,1796,148,0,0,0,0,0
103167,2022-05-16T10:14:17.000Z,2022-05-16T17:14:17.000Z,500003,333,34.8,1724,91,4,0,1,0,0
103167,2022-05-17T11:48:50.000Z,2022-05-17T15:48:50.000Z,500002,509,51.6,2196,52,0,1,0,2,0
103167,2022-05-19T10:00:52.000Z,2022-05-19T15:00:52.000Z,500002,506,51.5,1238,34,0,0,0,0,6
103167,2022-05-21T10:47:06.000Z,2022-05-21T16:47:06.000Z,500002,265,28.4,1792,65,6,0,0,0,0
103167,2022-05-23T10:07:15.000Z,2022-05-23T15:07:15.000Z,500004,103,11.4,891,83,3,0,0,0,2
103167,2022-05-25T10:25:07.000Z,2022-05-25T16:25:07.000Z,500003,208,22.4,2213,70,0,5,0,0,0
103167,2022-05-26T10:15:59.000Z,2022-05-26T14:15:59.000Z,500003,534,53.5,2364,75,0,0,0,5,5
103167,2022-05-27T11:07:29.000Z,2022-05-27T18:07:29.000Z,500003,176,17.9,3700,48,0,0,0,0,4
103167,2022-05-28T10:20:31.000Z,2022-05-28T15:20:31.000Z,500003,549,55.4,2393,87,0,0,0,4,0
103167,2022-06-01T11:31:01.000Z,2022-06-01T17:31:01.000Z,500002,223,23.9,2037,43,4,1,0,0,0
103167,2022-06-02T11:21:59.000Z,2022-06-02T16:21:59.000Z,500002,541,54.1,2414,35,0,0,2,7,0
103167,2022-06-04T10:41:45.000Z,2022-06-04T17:41:45.000Z,500004,373,38.1,1835,102,0,0,0,4,1
103167,2022-06-05T10:30:51.000Z,2022-06-05T15:30:51.000Z,500004,396,40,5282,49,0,4,0,0,0
103167,2022-06-06T11:38:21.000Z,2022-06-06T18:38:21.000Z,500003,378,39.7,1906,95,3,0,2,5,5
103167,2022-06-07T10:59:12.000Z,2022-06-07T15:59:12.000Z,500002,144,15.6,1186,109,0,0,5,7,0
103167,2022-06-08T11:47:57.000Z,2022-06-08T17:47:57.000Z,500003,76,8.9,1939,136,3,3,4,0,0
103167,2022-06-10T10:51:42.000Z,2022-06-10T17:51:42.000Z,500003,261,27.7,1717,73,0,0,0,0,1
103167,2022-06-11T10:13:43.000Z,2022-06-11T14:13:43.000Z,500003,297,31.7,813,119,2,0,5,3,0
103167,2022-06-13T11:29:43.000Z,2022-06-13T18:29:43.000Z,500002,623,63.3,2042,168,0,0,0,4,5
103167,2022-06-15T11:22:16.000Z,2022-06-15T17:22:16.000Z,500004,379,39.6,1883,47,4,0,0,3,0
103167,2022-06-16T10:07:14.000Z,2022-06-16T14:07:14.000Z,500002,508,50.8,829,96,6,0,5,5,1
103167,2022-06-17T11:23:24.000Z,2022-06-17T15:23:24.000Z,500004,446,46.2,1284,92,4,0,5,7,1
103167,2022-06-18T11:45:39.000Z,2022-06-18T18:45:39.000Z,500003,327,34.1,1854,90,0,0,3,0,0
103167,2022-06-19T11:28:54.000Z,2022-06-19T18:28:54.000Z,500004,267,27.2,1010,108,0,0,3,5,0
103167,2022-06-20T11:24:07.000Z,2022-06-20T16:24:07.000Z,500002,410,41.1,1989,109,0,0,0,2,0
103167,2022-06-21T10:13:33.000Z,2022-06-21T16:13:33.000Z,500002,527,53.2,1539,26,6,0,5,0,0
103167,2022-06-22T11:40:05.000Z,2022-06-22T16:40:05.000Z,500002,83,9.4,1080,181,5,0,0,0,0
103167,2022-06-23T11:54:35.000Z,2022-06-23T18:54:35.000Z,500003,611,61.8,1185,74,1,0,0,0,0
103167,2022-06-25T11:00:54.000Z,2022-06-25T18:00:54.000Z,500003,373,38.4,2352,90,6,2,4,0,0
103167,2022-06-26T10:18:33.000Z,2022-06-26T16:18:33.000Z,500003,514,53.2,2061,31,1,0,0,2,0
103167,2022-06-27T10:14:26.000Z,2022-06-27T15:14:26.000Z,500004,602,62.1,4423,95,3,0,0,6,2
103167,2022-07-01T11:30:51.000Z,2022-07-01T15:30:51.000Z,500003,121,13.3,2278,74,5,0,0,3,2
103167,2022-07-02T10:53:12.000Z,2022-07-02T14:53:12.000Z,500004,446,46.1,1786,182,0,0,0,0,0
103167,2022-07-03T11:24:12.000Z,2022-07-03T15:24:12.000Z,500003,343,35.4,2393,166,0,0,0,0,0
103167,2022-07-05T11:01:11.000Z,2022-07-05T18:01:11.000Z,500002,104,11.6,1106,112,1,0,3,0,0
103167,2022-07-06T11:53:45.000Z,2022-07-06T16:53:45.000Z,500004,117,13.2,2330,132,1,3,2,0,3
103167,2022-07-07T10:53:58.000Z,2022-07-07T15:53:58.000Z,500004,404,40.8,4845,111,0,0,0,0,0
103167,2022-07-08T10:05:38.000Z,2022-07-08T16:05:38.000Z,500002,173,17.7,2030,156,0,4,0,0,0
103167,2022-07-10T10:23:33.000Z,2022-07-10T17:23:33.000Z,500002,314,33.4,1748,105,6,4,0,0,0
103167,2022-07-12T10:52:33.000Z,2022-07-12T17:52:33.000Z,500004,533,54,817,109,0,3,0,0,0
103167,2022-07-14T10:35:23.000Z,2022-07-14T16:35:23.000Z,500002,213,22.1,1037,60,0,0,0,0,3
103167,2022-07-16T10:12:21.000Z,2022-07-16T15:12:21.000Z,500004,321,33.9,1458,101,0,0,0,2,0
103167,2022-07-18T11:07:14.000Z,2022-07-18T15:07:14.000Z,500003,441,45,2215,31,0,0,3,5,3
103167,2022-07-19T11:26:43.000Z,2022-07-19T15:26:43.000Z,500002,490,49.2,1701,58,0,0,0,5,3
103167,2022-07-20T11:04:05.000Z,2022-07-20T15:04:05.000Z,500002,318,32.7,954,75,0,0,2,0,0
103167,2022-07-22T10:25:40.000Z,2022-07-22T15:25:40.000Z,500003,547,56.4,1027,38,4,0,0,0,5
103167,2022-07-24T10:05:43.000Z,2022-07-24T15:05:43.000Z,500002,499,51.2,1673,68,0,0,0,3,0
103167,2022-07-26T10:24:47.000Z,2022-07-26T15:24:47.000Z,500002,173,17.5,1870,23,0,0,1,0,4
103167,2022-07-28T10:03:05.000Z,2022-07-28T17:03:05.000Z,500003,489,49.2,878,62,0,0,4,0,5
103167,2022-08-01T11:51:10.000Z,2022-08-01T17:51:10.000Z,500004,504,51.3,2269,106,0,0,4,0,0
103167,2022-08-02T11:36:30.000Z,2022-08-02T15:36:30.000Z,500004,623,63.8,2380,91,4,5,0,0,0
103167,2022-08-04T11:36:20.000Z,2022-08-04T18:36:20.000Z,500004,550,55.4,1278,32,0,0,0,1,3
103167,2022-08-05T10:52:53.000Z,2022-08-05T15:52:53.000Z,500004,135,15,2015,109,4,0,5,0,0
103167,2022-08-07T11:04:16.000Z,2022-08-07T15:04:16.000Z,500003,315,33.5,1173,41,0,0,5,1,0
103167,2022-08-09T10:01:11.000Z,2022-08-09T16:01:11.000Z,500003,491,50.2,1956,108,0,0,1,0,0
103167,2022-08-11T10:41:32.000Z,2022-08-11T17:41:32.000Z,500003,60,7.5,2420,113,0,1,5,0,6
103167,2022-08-12T11:30:42.000Z,2022-08-12T16:30:42.000Z,500002,349,36.2,1739,33,0,0,0,0,2
103167,2022-08-13T11:59:03.000Z,2022-08-13T16:59:03.000Z,500002,533,53.5,2162,77,0,3,1,0,2
103167,2022-08-14T11:36:37.000Z,2022-08-14T17:36:37.000Z,500002,216,22.9,2103,89,0,0,3,0,2
103167,2022-08-16T11:03:05.000Z,2022-08-16T15:03:05.000Z,500002,177,19.4,1108,79,4,0,2,7,5
103167,2022-08-17T11:48:18.000Z,2022-08-17T15:48:18.000Z,500003,335,34.6,1682,80,2,0,5,0,0
103167,2022-08-18T11:08:09.000Z,2022-08-18T17:08:09.000Z,500004,569,58.4,1875,47,0,4,4,0,0
103167,2022-08-19T10:50:38.000Z,2022-08-19T15:50:38.000Z,500003,351,36.4,2322,150,5,0,0,0,0
103167,2022-08-21T10:55:48.000Z,2022-08-21T15:55:48.000Z,500002,336,35.4,823,105,0,4,0,0,1
103167,2022-08-23T10:08:38.000Z,2022-08-23T15:08:38.000Z,500002,210,21.9,1307,37,0,5,5,0,0
103167,2022-08-25T11:13:42.000Z,2022-08-25T18:13:42.000Z,500003,220,22.5,1390,125,2,0,1,0,0
103167,2022-08-27T10:54:53.000Z,2022-08-27T14:54:53.000Z,500003,58,7.5,1201,39,0,5,4,7,0
103167,2022-08-28T11:51:30.000Z,2022-08-28T18:51:30.000Z,500002,529,53.2,1417,27,2,0,2,0,0
103167,2022-09-01T11:34:16.000Z,2022-09-01T15:34:16.000Z,500004,475,47.6,1630,68,0,1,4,1,0
103167,2022-09-02T11:34:01.000Z,2022-09-02T16:34:01.000Z,500003,561,57.3,3891,111,0,4,5,0,0
103167,2022-09-03T10:11:17.000Z,2022-09-03T17:11:17.000Z,500003,412,41.5,2402,100,0,0,1,0,1
103167,2022-09-04T11:27:39.000Z,2022-09-04T18:27:39.000Z,500002,270,29,4737,36,0,0,0,0,0
103167,2022-09-05T11:33:55.000Z,2022-09-05T18:33:55.000Z,500004,96,11.1,2260,78,0,0,0,0,2
103167,2022-09-07T11:28:43.000Z,2022-09-07T18:28:43.000Z,500004,451,45.8,1738,30,0,1,2,0,0
103167,2022-09-08T11:23:53.000Z,2022-09-08T17:23:53.000Z,500004,206,21.2,2432,121,6,0,0,2,1
103167,2022-09-09T11:49:37.000Z,2022-09-09T16:49:37.000Z,500004,297,31.3,2258,107,0,0,0,1,0
103167,2022-09-11T11:35:46.000Z,2022-09-11T18:35:46.000Z,500002,414,42.8,2238,88,0,0,0,2,6
103167,2022-09-13T10:28:47.000Z,2022-09-13T15:28:47.000Z,500002,556,56.7,2202,71,0,0,0,6,5
103167,2022-09-14T10:26:20.000Z,2022-09-14T16:26:20.000Z,500002,181,19.8,1584,79,4,0,2,3,0
103167,2022-09-16T10:34:40.000Z,2022-09-16T16:34:40.000Z,500002,250,25.7,1211,90,0,3,3,0,0
103167,2022-09-18T11:35:31.000Z,2022-09-18T15:35:31.000Z,500004,622,64.2,1456,45,0,0,0,1,1
103167,2022-09-20T11:13:43.000Z,2022-09-20T16:13:43.000Z,500003,493,49.4,1414,177,3,3,1,0,0
103167,2022-09-21T10:06:51.000Z,2022-09-21T17:06:51.000Z,500003,111,11.6,1237,99,0,1,1,0,0
103167,2022-09-22T11:46:10.000Z,2022-09-22T16:46:10.000Z,500002,371,38.9,956,67,0,0,0,0,0
103167,2022-09-23T11:08:51.000Z,2022-09-23T17:08:51.000Z,500002,409,42,1540,114,0,0,0,0,4
103167,2022-09-25T11:37:34.000Z,2022-09-25T18:37:34.000Z,500004,577,58.6,2202,107,1,0,1,0,0
103167,2022-09-26T10:49:34.000Z,2022-09-26T14:49:34.000Z,500002,392,39.9,2342,88,0,3,1,6,0
103167,2022-09-27T10:39:11.000Z,2022-09-27T16:39:11.000Z,500004,338,33.9,974,94,0,0,0,0,0
103167,2022-09-28T10:40:32.000Z,2022-09-28T14:40:32.000Z,500003,335,34.8,2075,78,1,3,0,7,0
103167,2022-10-01T10:02:38.000Z,2022-10-01T17:02:38.000Z,500004,277,29.6,853,72,3,2,0,3,0
103167,2022-10-03T11:41:25.000Z,2022-10-03T17:41:25.000Z,500003,456,46.8,1713,67,0,3,0,0,0
103167,2022-10-04T11:38:20.000Z,2022-10-04T15:38:20.000Z,500004,510,52.5,2320,87,1,0,0,1,4
103167,2022-10-05T10:18:02.000Z,2022-10-05T14:18:02.000Z,500003,376,37.8,1667,162,5,0,4,4,0
103167,2022-10-06T11:29:49.000Z,2022-10-06T18:29:49.000Z,500004,212,21.4,2424,118,1,1,4,0,0
103167,2022-10-07T10:04:27.000Z,2022-10-07T16:04:27.000Z,500003,556,56.9,5228,29,0,0,5,6,0
103167,2022-10-08T11:44:20.000Z,2022-10-08T16:44:20.000Z,500002,113,11.4,965,86,5,0,0,0,4
103167,2022-10-10T10:24:17.000Z,2022-10-10T17:24:17.000Z,500002,448,46.2,2304,101,1,0,0,4,3
103167,2022-10-12T11:46:59.000Z,2022-10-12T17:46:59.000Z,500002,456,46.1,2210,93,0,1,0,0,0
103167,2022-10-13T10:53:53.000Z,2022-10-13T15:53:53.000Z,500004,426,44.5,1013,104,2,0,2,1,0
103167,2022-10-15T10:50:42.000Z,2022-10-15T16:50:42.000Z,500004,244,24.5,2127,80,0,1,0,0,1
103167,2022-10-17T11:30:16.000Z,2022-10-17T18:30:16.000Z,500004,474,48.8,5099,58,0,3,2,0,5
103167,2022-10-19T10:01:46.000Z,2022-10-19T16:01:46.000Z,500003,347,35.7,930,74,0,0,3,7,0
103167,2022-10-21T10:40:32.000Z,2022-10-21T15:40:32.000Z,500003,127,13.5,2333,78,0,3,4,0,0
103167,2022-10-23T11:47:16.000Z,2022-10-23T15:47:16.000Z,500004,592,60.2,1878,78,0,0,0,3,0
103167,2022-10-24T11:17:31.000Z,2022-10-24T18:17:31.000Z,500002,433,44.6,1031,110,0,3,5,5,4
103167,2022-10-25T11:55:41.000Z,2022-10-25T16:55:41.000Z,500003,64,8.4,2192,138,3,3,0,0,3
103167,2022-10-27T11:21:30.000Z,2022-10-27T18:21:30.000Z,500003,121,14.1,1288,86,0,0,0,0,0
103167,2022-11-01T11:03:16.000Z,2022-11-01T15:03:16.000Z,500004,108,11.2,2116,20,0,0,0,4,5
103167,2022-11-02T11:28:59.000Z,2022-11-02T15:28:59.000Z,500003,341,35.3,2174,31,4,0,0,0,0
103167,2022-11-03T11:20:09.000Z,2022-11-03T15:20:09.000Z,500004,504,51.9,1350,61,3,0,5,7,0
103167,2022-11-04T12:04:07.000Z,2022-11-04T16:04:07.000Z,500004,483,49,947,30,2,0,0,0,5
103167,2022-11-06T12:12:04.000Z,2022-11-06T19:12:04.000Z,500003,591,59.4,1056,47,0,2,0,0,6
103167,2022-11-08T11:01:40.000Z,2022-11-08T15:01:40.000Z,500004,248,26.7,1768,79,0,0,0,3,0
103167,2022-11-10T11:36:43.000Z,2022-11-10T17:36:43.000Z,500002,346,34.8,1980,83,1,4,0,0,0
103167,2022-11-12T12:22:37.000Z,2022-11-12T19:22:37.000Z,500003,597,60.7,2421,89,2,2,0,0,0
103167,2022-11-13T11:06:48.000Z,2022-11-13T15:06:48.000Z,500004,373,39.2,960,20,0,1,1,3,0
103167,2022-11-15T11:31:12.000Z,2022-11-15T17:31:12.000Z,500004,388,40.4,1346,92,5,0,4,0,0
103167,2022-11-17T11:39:09.000Z,2022-11-17T18:39:09.000Z,500002,307,31.7,1795,69,0,0,0,0,0
103167,2022-11-18T12:35:38.000Z,2022-11-18T17:35:38.000Z,500004,140,14.5,1900,102,0,0,5,4,6
103167,2022-11-20T12:35:40.000Z,2022-11-20T18:35:40.000Z,500002,253,25.4,1099,47,6,3,5,0,6
103167,2022-11-21T12:52:49.000Z,2022-11-21T16:52:49.000Z,500004,186,19.8,971,115,0,5,0,3,2
103167,2022-11-23T11:14:04.000Z,2022-11-23T17:14:04.000Z,500002,92,11.1,2200,52,0,0,0,5,5
103167,2022-11-24T12:54:47.000Z,2022-11-24T19:54:47.000Z,500002,159,17.6,1282,114,0,0,3,6,5
103167,2022-11-25T12:22:11.000Z,2022-11-25T19:22:11.000Z,500004,63,6.7,2444,67,6,0,0,5,0
103167,2022-11-26T12:18:08.000Z,2022-11-26T18:18:08.000Z,500003,455,46.6,2658,46,3,0,0,0,6
103167,2022-11-28T11:14:25.000Z,2022-11-28T18:14:25.000Z,500003,359,37.5,839,87,0,0,0,7,0
103167,2022-12-01T12:17:07.000Z,2022-12-01T18:17:07.000Z,500002,457,46.3,1189,30,0,4,0,0,0
103167,2022-12-03T12:29:21.000Z,2022-12-03T19:29:21.000Z,500003,593,59.9,2450,82,1,0,0,0,4
103167,2022-12-04T11:18:24.000Z,2022-12-04T18:18:24.000Z,500003,438,43.9,2405,102,2,2,0,0,0
103167,2022-12-05T11:42:20.000Z,2022-12-05T18:42:20.000Z,500002,387,40.3,2007,145,0,0,2,0,6
103167,2022-12-06T12:20:44.000Z,2022-12-06T17:20:44.000Z,500004,569,57.3,1112,104,0,0,0,0,0
103167,2022-12-08T12:15:51.000Z,2022-12-08T16:15:51.000Z,500002,205,21.2,1515,70,0,4,2,0,1
103167,2022-12-10T12:48:01.000Z,2022-12-10T17:48:01.000Z,500002,119,12.9,2647,125,2,0,0,0,0
103167,2022-12-12T12:01:28.000Z,2022-12-12T16:01:28.000Z,500002,232,25.2,899,48,6,1,1,0,0
103167,2022-12-13T12:53:28.000Z,2022-12-13T18:53:28.000Z,500002,453,45.4,2139,57,5,0,0,0,0
103167,2022-12-15T12:36:01.000Z,2022-12-15T17:36:01.000Z,500004,105,11.9,2350,135,6,2,4,6,2
103167,2022-12-16T12:12:21.000Z,2022-12-16T18:12:21.000Z,500003,374,39.3,2152,43,4,2,2,2,6
103167,2022-12-17T11:21:32.000Z,2022-12-17T15:21:32.000Z,500004,97,9.8,1184,48,0,5,3,0,0
103167,2022-12-18T12:36:24.000Z,2022-12-18T16:36:24.000Z,500004,442,45.7,2045,109,0,0,0,0,6
103167,2022-12-19T11:25:29.000Z,2022-12-19T17:25:29.000Z,500002,295,31,1761,99,0,0,0,0,0
103167,2022-12-21T12:15:19.000Z,2022-12-21T17:15:19.000Z,500002,555,55.8,867,46,0,5,0,6,0
103167,2022-12-22T11:44:04.000Z,2022-12-22T17:44:04.000Z,500003,316,33.3,1431,99,6,3,0,0,2
103167,2022-12-23T12:57:30.000Z,2022-12-23T18:57:30.000Z,500004,202,21.6,5590,67,0,0,1,0,5
103167,2022-12-25T11:29:21.000Z,2022-12-25T16:29:21.000Z,500004,502,50.3,2336,50,0,2,0,7,0
103167,2022-12-27T12:20:46.000Z,2022-12-27T19:20:46.000Z,500003,223,23.2,2446,31,0,5,4,5,1
103167,2022-12-28T12:38:15.000Z,2022-12-28T17:38:15.000Z,500004,566,56.7,1749,38,4,0,1,0,0
80288,2022-01-01T12:38:38.000Z,2022-01-01T16:38:38.000Z,500004,142,14.8,1306,21,6,3,0,2,0
80288,2022-01-03T11:22:25.000Z,2022-01-03T17:22:25.000Z,500003,394,40.9,1370,49,5,5,3,3,2
80288,2022-01-04T11:59:14.000Z,2022-01-04T18:59:14.000Z,500002,337,35.2,2197,146,2,0,0,0,5
80288,2022-01-06T12:06:12.000Z,2022-01-06T16:06:12.000Z,500003,370,37.2,1005,96,4,0,4,0,5
80288,2022-01-08T12:36:34.000Z,2022-01-08T16:36:34.000Z,500004,531,54.2,4190,182,5,0,3,0,1
80288,2022-01-09T11:27:15.000Z,2022-01-09T16:27:15.000Z,500003,173,18.5,2484,150,0,0,0,0,6
80288,2022-01-10T12:39:19.000Z,2022-01-10T18:39:19.000Z,500004,100,11,1795,115,6,3,0,0,0
80288,2022-01-11T11:01:31.000Z,2022-01-11T15:01:31.000Z,500003,612,61.3,3201,23,0,0,0,6,2
80288,2022-01-13T11:22:54.000Z,2022-01-13T18:22:54.000Z,500002,392,40.9,844,69,1,0,0,0,2
80288,2022-01-15T11:06:16.000Z,2022-01-15T18:06:16.000Z,500003,562,57.3,1599,60,5,0,3,7,4
80288,2022-01-17T12:00:31.000Z,2022-01-17T19:00:31.000Z,500003,244,26,1404,107,0,0,0,0,0
80288,2022-01-19T12:19:11.000Z,2022-01-19T18:19:11.000Z,500002,513,52.9,1775,177,0,0,0,0,2
80288,2022-01-20T11:01:07.000Z,2022-01-20T15:01:07.000Z,500002,280,29.2,2086,56,0,4,0,5,0
80288,2022-01-21T11:18:06.000Z,2022-01-21T17:18:06.000Z,500004,181,18.9,1229,80,0,0,5,0,0
80288,2022-01-23T11:32:30.000Z,2022-01-23T15:32:30.000Z,500003,616,62.8,5321,138,4,0,0,1,3
80288,2022-01-24T11:14:18.000Z,2022-01-24T15:14:18.000Z,500003,148,16.8,1671,89,0,3,0,0,5
80288,2022-01-26T11:21:21.000Z,2022-01-26T16:21:21.000Z,500003,236,24.1,915,23,0,0,5,0,6
80288,2022-01-27T12:04:05.000Z,2022-01-27T17:04:05.000Z,500002,242,24.6,2338,106,3,1,0,1,3
80288,2022-01-28T12:37:48.000Z,2022-01-28T17:37:48.000Z,500002,419,42,3665,28,0,1,0,7,0
80288,2022-02-01T12:07:28.000Z,2022-02-01T18:07:28.000Z,500004,358,35.9,1145,42,2,0,5,0,0
80288,2022-02-03T12:06:10.000Z,2022-02-03T17:06:10.000Z,500004,564,58.3,1424,104,6,0,3,0,0
80288,2022-02-05T12:10:36.000Z,2022-02-05T17:10:36.000Z,500004,115,11.9,3888,150,4,0,0,7,4
80288,2022-02-07T12:45:41.000Z,2022-02-07T19:45:41.000Z,500003,91,9.4,2002,96,3,3,5,0,0
80288,2022-02-09T11:30:57.000Z,2022-02-09T16:30:57.000Z,500004,453,45.7,2153,77,0,0,0,1,5
80288,2022-02-11T12:51:31.000Z,2022-02-11T18:51:31.000Z,500002,140,15.6,1985,48,0,0,0,0,4
80288,2022-02-12T11:52:39.000Z,2022-02-12T16:52:39.000Z,500003,165,18.5,1485,43,6,0,4,0,0
80288,2022-02-14T11:17:38.000Z,2022-02-14T17:17:38.000Z,500002,603,60.3,1487,120,0,0,0,3,3
80288,2022-02-15T12:14:12.000Z,2022-02-15T16:14:12.000Z,500002,134,14.9,975,22,0,2,2,0,0
80288,2022-02-16T12:53:33.000Z,2022-02-16T17:53:33.000Z,500004,271,27.7,1227,118,1,0,5,0,0
80288,2022-02-17T11:49:03.000Z,2022-02-17T15:49:03.000Z,500002,430,43.2,2015,177,6,5,4,1,0
80288,2022-02-19T11:34:57.000Z,2022-02-19T17:34:57.000Z,500002,211,22,2075,42,0,1,1,0,3
80288,2022-02-20T11:20:47.000Z,2022-02-20T15:20:47.000Z,500004,271,27.1,2422,77,0,0,0,4,5
80288,2022-02-21T11:16:53.000Z,2022-02-21T15:16:53.000Z,500002,518,52.3,1430,36,0,1,0,6,4
80288,2022-02-22T12:48:59.000Z,2022-02-22T17:48:59.000Z,500003,299,31.2,1208,61,5,0,3,0,0
80288,2022-02-23T12:50:35.000Z,2022-02-23T16:50:35.000Z,500004,314,31.4,1174,109,0,4,4,0,0
80288,2022-02-24T12:44:51.000Z,2022-02-24T17:44:51.000Z,500002,472,47.8,2099,101,4,4,0,0,0
80288,2022-02-26T12:46:14.000Z,2022-02-26T18:46:14.000Z,500002,601,61.8,1125,29,3,5,0,0,5
80288,2022-02-27T11:14:09.000Z,2022-02-27T15:14:09.000Z,500002,500,50.6,1139,98,6,0,2,1,3
80288,2022-02-28T11:06:27.000Z,2022-02-28T15:06:27.000Z,500003,63,7.8,1406,73,0,0,2,4,0
80288,2022-03-01T12:58:13.000Z,2022-03-01T17:58:13.000Z,500003,429,42.9,1829,31,0,4,0,5,6
80288,2022-03-02T11:41:45.000Z,2022-03-02T18:41:45.000Z,500002,166,17.4,2407,59,0,1,1,6,0
80288,2022-03-03T12:16:56.000Z,2022-03-03T17:16:56.000Z,500004,291,30.9,2264,88,2,4,0,1,0
80288,2022-03-04T11:38:22.000Z,2022-03-04T17:38:22.000Z,500004,129,14.4,857,108,0,0,2,0,3
80288,2022-03-05T11:04:31.000Z,2022-03-05T17:04:31.000Z,500002,391,39.1,3288,120,0,2,3,6,6
80288,2022-03-07T12:57:34.000Z,2022-03-07T18:57:34.000Z,500003,359,37,996,59,5,3,0,0,1
80288,2022-03-09T12:35:27.000Z,2022-03-09T19:35:27.000Z,500004,399,40.5,1763,76,0,5,1,0,0
80288,2022-03-10T11:47:54.000Z,2022-03-10T15:47:54.000Z,500002,440,45.9,2386,36,1,0,5,3,0
80288,2022-03-12T12:34:31.000Z,2022-03-12T18:34:31.000Z,500003,373,39,2074,74,0,0,0,6,3
80288,2022-03-14T12:03:49.000Z,2022-03-14T17:03:49.000Z,500004,228,24,860,80,1,5,2,0,2
80288,2022-03-15T12:55:24.000Z,2022-03-15T19:55:24.000Z,500002,621,64,4708,43,6,5,0,6,0
80288,2022-03-17T11:24:42.000Z,2022-03-17T17:24:42.000Z,500004,145,15.4,2313,81,3,5,0,0,2
80288,2022-03-18T11:48:15.000Z,2022-03-18T18:48:15.000Z,500002,144,15.6,2145,45,0,0,1,2,3
80288,2022-03-19T12:19:11.000Z,2022-03-19T16:19:11.000Z,500004,388,40.7,1993,104,0,3,1,0,6
80288,2022-03-21T12:41:33.000Z,2022-03-21T19:41:33.000Z,500003,592,59.3,1064,70,1,0,0,6,0
80288,2022-03-22T11:12:24.000Z,2022-03-22T17:12:24.000Z,500004,382,38.9,5680,65,4,3,5,1,0
80288,2022-03-24T11:27:57.000Z,2022-03-24T15:27:57.000Z,500002,284,28.9,2190,25,0,0,3,0,4
80288,2022-03-26T12:24:39.000Z,2022-03-26T18:24:39.000Z,500003,616,63.4,1491,48,6,0,0,0,6
80288,2022-03-28T11:06:53.000Z,2022-03-28T15:06:53.000Z,500003,315,31.6,2235,119,0,5,0,0,0
80288,2022-04-01T11:22:34.000Z,2022-04-01T18:22:34.000Z,500003,325,32.9,1443,45,0,3,0,0,0
80288,2022-04-03T10:01:24.000Z,2022-04-03T16:01:24.000Z,500002,531,54.9,1857,93,0,4,5,6,3
80288,2022-04-04T11:31:04.000Z,2022-04-04T17:31:04.000Z,500003,437,45.3,3976,63,0,1,2,0,2
80288,2022-04-06T10:10:33.000Z,2022-04-06T15:10:33.000Z,500002,438,45,1262,65,0,0,0,7,0
80288,2022-04-07T11:38:40.000Z,2022-04-07T18:38:40.000Z,500004,458,47.1,1606,38,2,0,3,5,0
80288,2022-04-09T10:42:27.000Z,2022-04-09T15:42:27.000Z,500002,403,41.5,1313,28,1,0,1,1,6
80288,2022-04-10T10:25:53.000Z,2022-04-10T14:25:53.000Z,500003,271,27.5,908,33,0,0,5,0,0
80288,2022-04-12T10:15:39.000Z,2022-04-12T16:15:39.000Z,500004,139,14.4,1592,111,1,4,1,0,0
80288,2022-04-14T11:49:28.000Z,2022-04-14T15:49:28.000Z,500004,69,7.6,846,111,4,0,0,0,5
80288,2022-04-15T10:44:43.000Z,2022-04-15T16:44:43.000Z,500002,381,39.2,1853,54,3,0,0,6,0
80288,2022-04-17T10:20:42.000Z,2022-04-17T15:20:42.000Z,500003,356,36.5,2262,21,0,5,4,0,0
80288,2022-04-18T10:58:37.000Z,2022-04-18T15:58:37.000Z,500002,552,56.5,1810,77,0,4,0,6,0
80288,2022-04-19T11:31:34.000Z,2022-04-19T16:31:34.000Z,500002,254,25.9,2171,133,0,0,0,1,3
80288,2022-04-21T10:40:34.000Z,2022-04-21T17:40:34.000Z,500003,167,16.9,2179,40,1,4,0,6,3
80288,2022-04-22T11:48:03.000Z,2022-04-22T17:48:03.000Z,500002,424,43.9,1543,172,2,0,0,7,0
80288,2022-04-23T11:53:19.000Z,2022-04-23T17:53:19.000Z,500002,368,38.3,1419,132,1,5,0,5,0
80288,2022-04-24T11:53:34.000Z,2022-04-24T16:53:34.000Z,500002,119,12.8,968,92,1,0,3,5,0
80288,2022-04-26T10:03:08.000Z,2022-04-26T14:03:08.000Z,500003,144,14.7,1202,99,0,0,0,3,0
80288,2022-04-27T11:59:31.000Z,2022-04-27T16:59:31.000Z,500003,404,42.3,919,97,0,0,0,0,0
80288,2022-05-01T11:35:27.000Z,2022-05-01T17:35:27.000Z,500002,360,37.8,871,59,0,4,5,0,0
80288,2022-05-02T11:20:45.000Z,2022-05-02T15:20:45.000Z,500002,315,31.7,2229,111,2,0,0,0,6
80288,2022-05-04T11:28:52.000Z,2022-05-04T17:28:52.000Z,500002,168,16.8,1010,45,0,0,3,7,0
80288,2022-05-05T11:09:52.000Z,2022-05-05T18:09:52.000Z,500003,215,22.4,811,53,0,5,0,0,0
80288,2022-05-07T10:20:43.000Z,2022-05-07T16:20:43.000Z,500004,536,55.2,1376,46,0,5,0,0,0
80288,2022-05-08T10:59:21.000Z,2022-05-08T16:59:21.000Z,500004,188,20.1,1097,27,0,4,0,4,3
80288,2022-05-10T10:04:23.000Z,2022-05-10T14:04:23.000Z,500002,533,54.2,5281,63,0,0,3,1,3
80288,2022-05-11T11:42:59.000Z,2022-05-11T16:42:59.000Z,500003,280,29.6,1625,95,0,5,4,0,3
80288,2022-05-13T11:13:10.000Z,2022-05-13T17:13:10.000Z,500004,128,13.9,1416,28,0,0,2,0,3
80288,2022-05-15T11:48:40.000Z,2022-05-15T18:48:40.000Z,500002,351,36.6,1848,67,0,2,2,0,0
80288,2022-05-17T11:47:24.000Z,2022-05-17T18:47:24.000Z,500002,146,15.1,1782,102,0,0,0,0,3
80288,2022-05-18T11:30:55.000Z,2022-05-18T18:30:55.000Z,500002,177,19.5,1361,62,0,0,2,3,0
80288,2022-05-19T11:43:02.000Z,2022-05-19T17:43:02.000Z,500003,524,53.5,2085,125,0,1,0,3,0
80288,2022-05-20T11:14:19.000Z,2022-05-20T16:14:19.000Z,500003,281,29.8,1180,118,0,1,1,0,0
80288,2022-05-22T10:49:53.000Z,2022-05-22T14:49:53.000Z,500003,595,59.9,1848,69,0,4,0,0,6
80288,2022-05-23T10:00:05.000Z,2022-05-23T14:00:05.000Z,500004,582,58.6,1477,41,1,0,3,0,2
80288,2022-05-25T11:43:51.000Z,2022-05-25T17:43:51.000Z,500004,616,62.5,2306,62,2,0,0,2,5
80288,2022-05-27T11:30:08.000Z,2022-05-27T16:30:08.000Z,500002,290,29.8,2121,110,0,2,0,1,0
80288,2022-06-01T11:24:45.000Z,2022-06-01T17:24:45.000Z,500004,413,41.6,916,95,0,3,2,2,1
80288,2022-06-03T11:38:21.000Z,2022-06-03T16:38:21.000Z,500003,489,50.2,1323,65,4,2,0,0,5
80288,2022-06-05T10:08:33.000Z,2022-06-05T14:08:33.000Z,500003,518,53.5,1568,61,2,3,5,2,0
80288,2022-06-06T10:14:16.000Z,2022-06-06T17:14:16.000Z,500004,398,40,1166,45,3,0,0,0,2
80288,2022-06-07T10:50:46.000Z,2022-06-07T14:50:46.000Z,500002,341,35.2,1552,41,3,0,0,0,0
80288,2022-06-09T11:59:05.000Z,2022-06-09T16:59:05.000Z,500004,537,54.1,1517,101,0,4,0,0,0
80288,2022-06-11T11:10:47.000Z,2022-06-11T17:10:47.000Z,500004,423,43.2,1756,39,5,0,0,6,1
80288,2022-06-13T10:55:58.000Z,2022-06-13T15:55:58.000Z,500002,446,45.9,5522,22,4,0,0,0,0
80288,2022-06-15T10:05:52.000Z,2022-06-15T16:05:52.000Z,500003,433,44.4,916,97,1,0,2,0,3
80288,2022-06-17T10:40:35.000Z,2022-06-17T17:40:35.000Z,500003,151,16.2,1270,61,4,4,0,0,2
80288,2022-06-19T11:55:25.000Z,2022-06-19T18:55:25.000Z,500002,456,47,5699,189,3,0,0,0,4
80288,2022-06-20T11:51:36.000Z,2022-06-20T16:51:36.000Z,500002,564,58.3,967,86,3,0,3,0,0
80288,2022-06-21T10:27:54.000Z,2022-06-21T14:27:54.000Z,500003,481,49.8,2278,114,0,1,0,0,3
80288,2022-06-23T10:16:38.000Z,2022-06-23T17:16:38.000Z,500004,109,12.1,1715,99,0,0,0,0,0
80288,2022-06-24T10:43:17.000Z,2022-06-24T17:43:17.000Z,500003,183,19,3379,51,2,1,0,0,4
80288,2022-06-26T10:56:33.000Z,2022-06-26T15:56:33.000Z,500004,233,23.7,2307,70,0,4,5,0,0
80288,2022-06-28T10:32:37.000Z,2022-06-28T15:32:37.000Z,500003,512,51.3,823,49,2,0,0,0,0
80288,2022-07-01T10:16:44.000Z,2022-07-01T14:16:44.000Z,500003,488,50.4,1514,62,0,1,2,0,0
80288,2022-07-03T11:53:53.000Z,2022-07-03T16:53:53.000Z,500003,97,9.9,1873,70,0,0,0,0,0
80288,2022-07-05T10:56:42.000Z,2022-07-05T16:56:42.000Z,500004,313,31.6,2415,83,0,0,5,0,0
80288,2022-07-06T11:34:58.000Z,2022-07-06T15:34:58.000Z,500003,218,23,2121,110,0,0,0,0,0
80288,2022-07-08T10:47:30.000Z,2022-07-08T17:47:30.000Z,500004,380,39.6,1521,80,2,4,0,7,0
80288,2022-07-10T10:09:03.000Z,2022-07-10T14:09:03.000Z,500004,212,22.3,1260,146,5,0,2,4,1
80288,2022-07-12T11:42:29.000Z,2022-07-12T18:42:29.000Z,500003,230,23.5,1914,80,0,0,5,2,3
80288,2022-07-14T11:19:10.000Z,2022-07-14T15:19:10.000Z,500003,377,39.6,1110,23,1,0,0,0,0
80288,2022-07-15T11:18:24.000Z,2022-07-15T18:18:24.000Z,500003,104,10.5,1426,135,1,0,0,3,4
80288,2022-07-16T11:57:55.000Z,2022-07-16T17:57:55.000Z,500004,515,53.2,2499,114,4,2,0,0,4
80288,2022-07-18T10:33:32.000Z,2022-07-18T15:33:32.000Z,500003,82,9.9,1245,85,4,0,0,0,0
80288,2022-07-20T10:42:25.000Z,2022-07-20T14:42:25.000Z,500004,180,19.1,1791,32,5,0,0,0,2
80288,2022-07-21T10:39:46.000Z,2022-07-21T14:39:46.000Z,500002,496,51,3667,54,6,5,0,2,0
80288,2022-07-22T11:03:35.000Z,2022-07-22T16:03:35.000Z,500004,73,7.6,2017,92,3,2,0,7,0
80288,2022-07-23T11:26:25.000Z,2022-07-23T18:26:25.000Z,500002,243,25.3,2077,114,0,0,4,6,0
80288,2022-07-24T10:21:59.000Z,2022-07-24T14:21:59.000Z,500002,144,16.1,1115,24,0,0,5,0,0
80288,2022-07-25T10:25:53.000Z,2022-07-25T16:25:53.000Z,500002,88,9.6,1563,90,0,5,3,1,0
80288,2022-07-26T10:43:40.000Z,2022-07-26T16:43:40.000Z,500002,308,31.2,2065,185,0,5,0,0,0
80288,2022-07-27T11:31:20.000Z,2022-07-27T15:31:20.000Z,500004,269,26.9,1050,59,4,4,3,5,2
80288,2022-08-01T11:40:52.000Z,2022-08-01T17:40:52.000Z,500004,216,23.6,898,58,0,1,0,0,0
80288,2022-08-03T10:09:24.000Z,2022-08-03T16:09:24.000Z,500003,327,33.8,1285,74,4,3,1,2,0
80288,2022-08-04T10:50:58.000Z,2022-08-04T16:50:58.000Z,500004,344,34.8,1318,26,5,0,4,5,0
80288,2022-08-06T11:31:43.000Z,2022-08-06T18:31:43.000Z,500002,465,47.6,1597,59,3,0,4,0,3
80288,2022-08-08T11:32:35.000Z,2022-08-08T18:32:35.000Z,500004,561,56.6,1245,66,6,5,0,0,4
80288,2022-08-09T10:26:19.000Z,2022-08-09T16:26:19.000Z,500004,480,48.1,2464,127,2,0,0,3,0
80288,2022-08-11T11:45:47.000Z,2022-08-11T18:45:47.000Z,500004,204,21.8,1392,168,5,0,0,1,4
80288,2022-08-12T11:53:55.000Z,2022-08-12T17:53:55.000Z,500003,331,33.6,2055,106,5,0,4,0,0
80288,2022-08-14T11:23:45.000Z,2022-08-14T18:23:45.000Z,500004,522,52.9,2341,103,0,0,3,0,0
80288,2022-08-15T10:32:42.000Z,2022-08-15T17:32:42.000Z,500004,81,8.3,1470,129,0,0,0,4,6
80288,2022-08-17T10:52:10.000Z,2022-08-17T14:52:10.000Z,500003,100,11.6,2154,75,3,3,2,0,5
80288,2022-08-18T11:46:42.000Z,2022-08-18T15:46:42.000Z,500004,158,17.4,912,34,4,0,0,0,0
80288,2022-08-19T10:25:58.000Z,2022-08-19T14:25:58.000Z,500004,85,10.1,2486,51,0,2,0,0,0
80288,2022-08-20T11:20:52.000Z,2022-08-20T16:20:52.000Z,500004,472,47.9,2053,59,1,0,0,0,0
80288,2022-08-22T10:07:04.000Z,2022-08-22T14:07:04.000Z,500003,589,60,1179,142,4,3,1,0,1
80288,2022-08-23T10:06:18.000Z,2022-08-23T17:06:18.000Z,500002,516,52.7,1807,99,0,0,5,0,1
80288,2022-08-24T11:48:50.000Z,2022-08-24T18:48:50.000Z,500002,361,37,1249,76,0,0,3,0,0
80288,2022-08-25T10:30:41.000Z,2022-08-25T17:30:41.000Z,500002,554,57.1,1809,20,4,0,0,0,0
80288,2022-08-26T10:01:54.000Z,2022-08-26T16:01:54.000Z,500004,158,17.2,834,128,3,3,0,6,0
80288,2022-08-27T11:02:22.000Z,2022-08-27T18:02:22.000Z,500002,395,41,924,56,0,1,0,0,0
80288,2022-09-01T10:12:46.000Z,2022-09-01T15:12:46.000Z,500002,622,62.6,1262,81,0,0,0,6,6
80288,2022-09-03T10:27:51.000Z,2022-09-03T15:27:51.000Z,500004,69,7.6,1832,72,0,4,0,6,0
80288,2022-09-05T10:56:53.000Z,2022-09-05T16:56:53.000Z,500004,571,59,4002,94,0,0,2,0,3
80288,2022-09-06T11:27:02.000Z,2022-09-06T17:27:02.000Z,500003,485,48.9,1619,185,0,0,0,0,5
80288,2022-09-07T11:36:37.000Z,2022-09-07T17:36:37.000Z,500004,358,36,2471,61,0,2,0,4,0
80288,2022-09-09T11:18:44.000Z,2022-09-09T15:18:44.000Z,500002,416,41.8,1030,31,0,0,1,0,2
80288,2022-09-11T11:26:03.000Z,2022-09-11T18:26:03.000Z,500002,350,35.4,1020,164,2,0,5,4,3
80288,2022-09-12T11:23:24.000Z,2022-09-12T16:23:24.000Z,500004,316,33.5,1353,124,0,2,0,6,5
80288,2022-09-14T10:47:12.000Z,2022-09-14T16:47:12.000Z,500004,167,18.3,1191,59,0,0,4,1,0
80288,2022-09-16T10:46:38.000Z,2022-09-16T16:46:38.000Z,500004,522,52.5,1488,72,0,3,0,0,0
80288,2022-09-18T11:13:27.000Z,2022-09-18T18:13:27.000Z,500004,292,30.4,1597,74,0,0,4,5,0
80288,2022-09-19T11:52:17.000Z,2022-09-19T15:52:17.000Z,500003,148,16.1,1126,60,3,0,0,1,5
80288,2022-09-21T10:19:18.000Z,2022-09-21T17:19:18.000Z,500002,188,20.4,3002,176,6,0,0,6,1
80288,2022-09-23T10:42:39.000Z,2022-09-23T17:42:39.000Z,500002,73,7.5,982,118,0,0,0,0,5
80288,2022-09-24T10:55:19.000Z,2022-09-24T17:55:19.000Z,500002,380,38.6,1921,178,4,0,0,7,4
80288,2022-09-25T10:01:48.000Z,2022-09-25T16:01:48.000Z,500003,148,16.6,1538,62,0,0,0,0,4
80288,2022-09-26T10:50:25.000Z,2022-09-26T16:50:25.000Z,500002,622,62.8,932,90,5,0,5,2,6
80288,2022-09-28T11:36:22.000Z,2022-09-28T16:36:22.000Z,500004,495,50.2,1653,115,2,4,0,0,0
80288,2022-10-01T10:30:47.000Z,2022-10-01T14:30:47.000Z,500003,110,11.3,1829,98,4,0,0,1,0
80288,2022-10-02T10:51:03.000Z,2022-10-02T17:51:03.000Z,500004,208,21.9,1130,38,0,0,0,0,0
80288,2022-10-04T10:43:40.000Z,2022-10-04T14:43:40.000Z,500002,410,41.7,1317,64,0,0,0,0,0
80288,2022-10-05T10:56:26.000Z,2022-10-05T17:56:26.000Z,500004,361,36.9,1277,25,0,5,0,0,0
80288,2022-10-07T11:48:01.000Z,2022-10-07T17:48:01.000Z,500003,449,45.8,2298,94,0,0,0,0,3
80288,2022-10-09T10:08:03.000Z,2022-10-09T16:08:03.000Z,500004,461,48.1,2012,39,3,0,2,0,0
80288,2022-10-11T10:06:54.000Z,2022-10-11T17:06:54.000Z,500002,551,56.6,1447,48,0,3,0,0,2
80288,2022-10-13T10:31:44.000Z,2022-10-13T16:31:44.000Z,500003,345,35.4,852,77,0,0,5,3,0
80288,2022-10-14T10:18:17.000Z,2022-10-14T15:18:17.000Z,500003,205,21.1,1062,26,4,0,0,1,0
80288,2022-10-16T11:39:19.000Z,2022-10-16T17:39:19.000Z,500002,418,43.3,2349,94,4,0,5,0,0
80288,2022-10-17T10:22:34.000Z,2022-10-17T16:22:34.000Z,500003,559,56.2,2401,152,5,4,0,2,0
80288,2022-10-18T11:47:21.000Z,2022-10-18T16:47:21.000Z,500002,297,31.7,2156,44,0,0,0,6,0
80288,2022-10-20T10:58:55.000Z,2022-10-20T16:58:55.000Z,500003,106,11.1,1750,23,0,0,4,2,0
80288,2022-10-22T10:58:35.000Z,2022-10-22T17:58:35.000Z,500002,525,53.6,1058,47,0,0,2,0,0
80288,2022-10-23T10:45:07.000Z,2022-10-23T17:45:07.000Z,500002,383,40,2194,41,6,0,3,0,2
80288,2022-10-25T11:20:35.000Z,2022-10-25T18:20:35.000Z,500002,543,54.5,1699,91,3,5,2,4,0
80288,2022-10-27T10:00:26.000Z,2022-10-27T17:00:26.000Z,500003,595,60.7,2133,82,0,5,5,7,0
80288,2022-10-28T10:08:48.000Z,2022-10-28T15:08:48.000Z,500004,288,29.6,1555,51,0,0,0,0,3
80288,2022-11-01T11:47:09.000Z,2022-11-01T17:47:09.000Z,500003,83,8.8,4492,84,3,3,0,0,0
80288,2022-11-03T11:55:28.000Z,2022-11-03T17:55:28.000Z,500002,389,39,1407,116,0,4,0,6,0
80288,2022-11-05T12:07:25.000Z,2022-11-05T18:07:25.000Z,500002,214,21.7,1608,165,6,0,5,0,3
80288,2022-11-06T12:56:34.000Z,2022-11-06T18:56:34.000Z,500003,128,13.8,2393,136,0,0,3,0,0
80288,2022-11-08T11:24:10.000Z,2022-11-08T18:24:10.000Z,500002,177,18.6,1640,120,0,0,3,0,1
80288,2022-11-10T11:39:39.000Z,2022-11-10T15:39:39.000Z,500002,382,38.5,2636,41,2,2,0,4,4
80288,2022-11-12T11:13:16.000Z,2022-11-12T15:13:16.000Z,500002,615,63,2404,45,4,0,4,0,6
80288,2022-11-13T11:36:24.000Z,2022-11-13T15:36:24.000Z,500003,170,18.6,1834,159,1,0,4,0,1
80288,2022-11-15T12:58:55.000Z,2022-11-15T17:58:55.000Z,500002,259,27.8,1978,110,0,0,0,0,0
80288,2022-11-17T11:10:50.000Z,2022-11-17T15:10:50.000Z,500004,376,39,5483,26,4,2,0,4,4
80288,2022-11-18T11:41:17.000Z,2022-11-18T15:41:17.000Z,500003,533,53.7,5607,110,4,0,0,0,0
80288,2022-11-19T12:17:19.000Z,2022-11-19T19:17:19.000Z,500002,542,55.9,1475,103,0,4,0,4,6
80288,2022-11-21T11:06:08.000Z,2022-11-21T17:06:08.000Z,500003,539,55.7,845,85,0,0,0,0,0
80288,2022-11-22T12:02:08.000Z,2022-11-22T18:02:08.000Z,500003,376,38.6,812,168,0,2,0,5,1
80288,2022-11-23T11:20:22.000Z,2022-11-23T16:20:22.000Z,500003,246,26.6,1177,22,5,0,1,0,6
80288,2022-11-24T12:35:33.000Z,2022-11-24T18:35:33.000Z,500002,294,30.4,847,114,0,0,0,0,0
80288,2022-11-26T11:28:59.000Z,2022-11-26T15:28:59.000Z,500004,336,34.9,1288,26,0,0,4,0,0
80288,2022-11-27T11:48:07.000Z,2022-11-27T15:48:07.000Z,500003,131,14.2,983,61,2,2,0,7,3
80288,2022-11-28T12:15:03.000Z,2022-11-28T17:15:03.000Z,500003,74,7.8,1233,142,0,0,3,0,0
80288,2022-12-01T12:45:09.000Z,2022-12-01T19:45:09.000Z,500002,64,7.5,2035,52,0,0,4,7,0
80288,2022-12-03T11:18:11.000Z,2022-12-03T17:18:11.000Z,500002,324,33.5,1123,28,5,2,1,0,5
80288,2022-12-04T11:42:06.000Z,2022-12-04T18:42:06.000Z,500004,80,9,936,76,3,2,0,0,1
80288,2022-12-06T12:16:11.000Z,2022-12-06T18:16:11.000Z,500003,426,43,937,67,0,0,0,2,2
80288,2022-12-07T12:39:56.000Z,2022-12-07T16:39:56.000Z,500002,268,28.3,1033,110,0,5,1,2,0
80288,2022-12-08T12:10:15.000Z,2022-12-08T17:10:15.000Z,500003,274,27.8,2350,117,0,0,0,3,0
80288,2022-12-09T11:35:54.000Z,2022-12-09T16:35:54.000Z,500002,608,62.7,2354,111,3,2,0,2,0
80288,2022-12-10T11:41:19.000Z,2022-12-10T16:41:19.000Z,500004,429,43.8,1487,59,0,4,0,0,2
80288,2022-12-11T12:00:36.000Z,2022-12-11T17:00:36.000Z,500004,332,35.2,1739,53,0,1,2,1,6
80288,2022-12-12T11:17:02.000Z,2022-12-12T18:17:02.000Z,500002,505,52,1173,175,0,2,5,6,0
80288,2022-12-13T11:40:59.000Z,2022-12-13T16:40:59.000Z,500004,142,16.1,2349,112,1,0,3,5,4
80288,2022-12-15T12:12:31.000Z,2022-12-15T19:12:31.000Z,500004,157,17.2,1687,89,4,0,0,1,0
80288,2022-12-16T12:40:41.000Z,2022-12-16T17:40:41.000Z,500002,226,24.3,1686,48,4,0,0,0,0
80288,2022-12-18T11:14:27.000Z,2022-12-18T15:14:27.000Z,500004,189,18.9,863,68,0,2,4,1,0
80288,2022-12-20T12:11:13.000Z,2022-12-20T16:11:13.000Z,500002,582,59.2,2155,88,1,0,0,0,0
80288,2022-12-21T11:11:20.000Z,2022-12-21T18:11:20.000Z,500003,252,25.8,938,66,0,2,3,0,6
80288,2022-12-22T11:04:18.000Z,2022-12-22T15:04:18.000Z,500004,156,17.3,2090,93,0,0,2,4,0
80288,2022-12-23T12:44:38.000Z,2022-12-23T17:44:38.000Z,500004,127,14.2,1533,31,0,0,3,0,0
80288,2022-12-25T12:18:36.000Z,2022-12-25T18:18:36.000Z,500003,415,41.5,1340,110,0,0,2,0,0
80288,2022-12-27T12:57:01.000Z,2022-12-27T19:57:01.000Z,500004,525,52.8,1996,92,0,0,0,1,0
80288,2022-12-28T12:30:33.000Z,2022-12-28T19:30:33.000Z,500003,518,51.9,1184,62,0,1,0,3,0
80289,2022-01-01T12:39:26.000Z,2022-01-01T19:39:26.000Z,500004,279,28.8,1077,70,1,0,0,0,6
80289,2022-01-02T12:56:50.000Z,2022-01-02T17:56:50.000Z,500003,552,55.8,832,33,0,0,0,4,6
80289,2022-01-03T11:49:26.000Z,2022-01-03T18:49:26.000Z,500004,336,33.7,4586,79,0,1,1,5,6
80289,2022-01-05T11:10:16.000Z,2022-01-05T15:10:16.000Z,500004,397,40.1,1331,35,0,2,0,0,2
80289,2022-01-07T11:24:29.000Z,2022-01-07T17:24:29.000Z,500003,545,54.9,1434,93,0,0,1,0,4
80289,2022-01-09T12:10:28.000Z,2022-01-09T17:10:28.000Z,500002,373,38.9,1355,45,6,0,0,3,0
80289,2022-01-11T12:29:35.000Z,2022-01-11T16:29:35.000Z,500004,336,34.5,4945,113,0,0,0,0,0
80289,2022-01-13T12:44:35.000Z,2022-01-13T18:44:35.000Z,500002,278,29.5,2261,49,0,0,0,0,5
80289,2022-01-15T12:53:11.000Z,2022-01-15T17:53:11.000Z,500004,513,52.9,1041,33,0,0,0,4,0
80289,2022-01-16T11:41:20.000Z,2022-01-16T15:41:20.000Z,500002,570,58.8,1335,54,4,2,0,0,0
80289,2022-01-18T12:04:33.000Z,2022-01-18T19:04:33.000Z,500004,165,18.2,2372,46,3,4,0,5,4
80289,2022-01-20T12:41:36.000Z,2022-01-20T17:41:36.000Z,500002,353,35.9,2121,23,0,0,1,6,6
80289,2022-01-21T12:43:20.000Z,2022-01-21T17:43:20.000Z,500004,107,11.3,1599,53,3,2,0,3,1
80289,2022-01-23T11:41:09.000Z,2022-01-23T17:41:09.000Z,500002,88,9.6,1994,72,0,4,0,0,0
80289,2022-01-25T11:00:46.000Z,2022-01-25T18:00:46.000Z,500004,400,41.8,2853,151,1,5,0,5,0
80289,2022-01-27T11:27:51.000Z,2022-01-27T15:27:51.000Z,500002,109,12.4,2332,55,0,0,3,0,0
80289,2022-02-01T12:17:04.000Z,2022-02-01T18:17:04.000Z,500002,267,26.9,2040,74,6,0,0,0,0
80289,2022-02-03T11:08:37.000Z,2022-02-03T18:08:37.000Z,500003,481,50,1561,55,0,0,0,0,4
80289,2022-02-04T11:15:29.000Z,2022-02-04T18:15:29.000Z,500003,437,43.7,2336,58,3,1,1,3,0
80289,2022-02-06T11:08:05.000Z,2022-02-06T16:08:05.000Z,500004,407,42.3,4673,31,1,0,2,1,6
80289,2022-02-07T12:49:59.000Z,2022-02-07T16:49:59.000Z,500004,597,59.9,1346,84,0,0,0,7,0
80289,2022-02-08T12:33:15.000Z,2022-02-08T16:33:15.000Z,500003,578,59.8,4709,37,0,0,3,0,2
80289,2022-02-10T11:56:48.000Z,2022-02-10T17:56:48.000Z,500003,427,43.2,2236,91,0,0,0,4,3
80289,2022-02-12T12:57:23.000Z,2022-02-12T17:57:23.000Z,500004,95,9.9,1356,90,5,4,0,7,0
80289,2022-02-14T12:54:57.000Z,2022-02-14T17:54:57.000Z,500004,130,13.5,1058,42,0,0,0,4,0
80289,2022-02-16T11:26:39.000Z,2022-02-16T16:26:39.000Z,500002,472,48.4,1010,66,0,5,2,0,4
80289,2022-02-17T12:53:01.000Z,2022-02-17T18:53:01.000Z,500003,320,32.8,1059,73,0,0,0,0,2
80289,2022-02-18T12:12:36.000Z,2022-02-18T19:12:36.000Z,500002,580,59.8,1484,134,0,0,0,5,0
80289,2022-02-19T12:39:47.000Z,2022-02-19T17:39:47.000Z,500003,124,12.6,1217,77,1,1,0,4,0
80289,2022-02-21T12:22:34.000Z,2022-02-21T17:22:34.000Z,500004,248,26.7,1503,26,0,0,4,6,5
80289,2022-02-22T11:38:11.000Z,2022-02-22T16:38:11.000Z,500004,422,42.6,2500,77,0,1,1,0,4
80289,2022-02-23T11:51:01.000Z,2022-02-23T18:51:01.000Z,500004,464,47.6,2175,42,0,0,0,5,1
80289,2022-02-25T11:23:05.000Z,2022-02-25T17:23:05.000Z,500004,365,38,5061,70,0,2,5,0,6
80289,2022-02-26T12:27:00.000Z,2022-02-26T16:27:00.000Z,500002,437,44,2308,115,2,0,5,2,0
80289,2022-02-28T12:17:07.000Z,2022-02-28T19:17:07.000Z,500003,284,28.5,2432,175,0,0,0,0,5
80289,2022-03-01T11:48:38.000Z,2022-03-01T16:48:38.000Z,500004,161,16.3,2305,26,6,0,0,3,0
80289,2022-03-02T12:01:53.000Z,2022-03-02T16:01:53.000Z,500003,62,7.1,1982,107,0,0,0,5,3
80289,2022-03-03T11:45:55.000Z,2022-03-03T15:45:55.000Z,500003,334,35.4,1140,76,0,4,1,4,1
80289,2022-03-04T12:46:59.000Z,2022-03-04T18:46:59.000Z,500004,488,48.8,1383,154,0,0,0,0,0
80289,2022-03-05T12:42:44.000Z,2022-03-05T18:42:44.000Z,500004,256,26.3,1198,109,0,1,0,0,0
80289,2022-03-06T11:19:00.000Z,2022-03-06T16:19:00.000Z,500003,555,56.5,1464,95,0,2,0,0,0
80289,2022-03-08T11:40:42.000Z,2022-03-08T16:40:42.000Z,500003,472,47.3,2360,27,0,4,4,0,2
80289,2022-03-10T12:30:54.000Z,2022-03-10T16:30:54.000Z,500002,208,21.4,2236,22,0,2,0,7,0
80289,2022-03-12T11:53:23.000Z,2022-03-12T17:53:23.000Z,500004,394,39.9,1036,111,2,0,5,0,6
80289,2022-03-13T12:58:06.000Z,2022-03-13T17:58:06.000Z,500004,157,16.5,2105,48,1,2,0,0,5
80289,2022-03-14T11:16:00.000Z,2022-03-14T17:16:00.000Z,500002,304,30.4,2639,44,3,0,0,2,0
80289,2022-03-15T12:59:21.000Z,2022-03-15T19:59:21.000Z,500002,413,43.1,1895,104,0,0,0,0,0
80289,2022-03-17T11:36:53.000Z,2022-03-17T17:36:53.000Z,500004,386,38.9,2125,28,0,0,0,2,0
80289,2022-03-18T12:34:24.000Z,2022-03-18T18:34:24.000Z,500002,359,36.3,2026,50,0,0,0,0,0
80289,2022-03-19T11:45:31.000Z,2022-03-19T16:45:31.000Z,500002,144,15.2,2870,120,0,0,0,4,4
80289,2022-03-20T11:32:26.000Z,2022-03-20T16:32:26.000Z,500002,397,40.1,1636,91,0,0,0,0,0
80289,2022-03-21T11:22:51.000Z,2022-03-21T17:22:51.000Z,500003,621,62.2,1295,23,2,5,4,0,3
80289,2022-03-22T12:00:38.000Z,2022-03-22T16:00:38.000Z,500002,383,39.6,1618,60,4,0,0,0,6
80289,2022-03-24T11:23:31.000Z,2022-03-24T16:23:31.000Z,500004,308,31.3,2069,30,2,2,3,7,3
80289,2022-03-25T12:14:24.000Z,2022-03-25T17:14:24.000Z,500003,58,7.1,2835,143,0,2,5,2,6
80289,2022-03-27T10:14:06.000Z,2022-03-27T14:14:06.000Z,500003,336,33.9,1001,48,3,0,0,3,0
80289,2022-04-01T10:35:08.000Z,2022-04-01T14:35:08.000Z,500004,287,29.6,2597,102,0,3,0,0,0
80289,2022-04-03T11:58:21.000Z,2022-04-03T17:58:21.000Z,500004,240,24.6,1623,79,0,0,2,4,3
80289,2022-04-04T11:06:28.000Z,2022-04-04T17:06:28.000Z,500002,613,61.4,826,110,0,0,0,1,4
80289,2022-04-05T11:08:54.000Z,2022-04-05T18:08:54.000Z,500004,264,27.1,1097,118,3,4,2,1,3
80289,2022-04-07T10:49:24.000Z,2022-04-07T16:49:24.000Z,500003,168,17.6,1024,164,6,3,5,0,4
80289,2022-04-09T11:42:50.000Z,2022-04-09T15:42:50.000Z,500002,155,15.6,872,144,0,0,0,0,0
80289,2022-04-11T10:54:23.000Z,2022-04-11T15:54:23.000Z,500003,516,52.5,2418,83,0,0,0,0,0
80289,2022-04-12T11:15:51.000Z,2022-04-12T18:15:51.000Z,500003,389,40.5,971,103,1,2,0,0,0
80289,2022-04-13T11:34:09.000Z,2022-04-13T17:34:09.000Z,500003,284,28.7,1468,42,0,4,0,0,6
80289,2022-04-14T10:04:44.000Z,2022-04-14T17:04:44.000Z,500003,137,14.4,1472,20,0,0,2,4,0
80289,2022-04-16T10:08:12.000Z,2022-04-16T15:08:12.000Z,500002,172,19,892,41,3,1,0,5,1
80289,2022-04-17T11:25:25.000Z,2022-04-17T17:25:25.000Z,500004,177,19.2,3826,172,5,0,4,1,4
80289,2022-04-19T11:09:28.000Z,2022-04-19T17:09:28.000Z,500003,395,40,2083,75,3,1,0,0,0
80289,2022-04-21T11:15:37.000Z,2022-04-21T15:15:37.000Z,500004,512,51.3,1467,71,0,0,0,0,0
80289,2022-04-22T10:43:34.000Z,2022-04-22T15:43:34.000Z,500004,417,42.5,2205,53,0,0,0,0,3
80289,2022-04-23T10:43:15.000Z,2022-04-23T15:43:15.000Z,500003,196,20.9,2172,107,0,0,5,7,0
80289,2022-04-25T10:27:49.000Z,2022-04-25T14:27:49.000Z,500003,339,35.3,1684,30,5,0,2,4,3
80289,2022-04-26T11:28:19.000Z,2022-04-26T15:28:19.000Z,500003,612,61.2,2280,36,0,0,0,0,0
80289,2022-04-27T10:36:26.000Z,2022-04-27T15:36:26.000Z,500004,185,18.5,1547,29,0,0,0,6,0
80289,2022-05-01T10:48:38.000Z,2022-05-01T15:48:38.000Z,500003,565,57.2,1768,48,5,0,0,0,0
80289,2022-05-03T10:57:23.000Z,2022-05-03T15:57:23.000Z,500002,282,30.1,927,46,0,0,0,1,0
80289,2022-05-05T10:35:52.000Z,2022-05-05T14:35:52.000Z,500002,147,15.6,1896,72,0,5,1,0,4
80289,2022-05-06T10:14:51.000Z,2022-05-06T17:14:51.000Z,500002,76,9.1,1424,113,1,0,0,6,0
80289,2022-05-08T11:05:09.000Z,2022-05-08T15:05:09.000Z,500004,613,61.7,853,56,0,0,0,0,4
80289,2022-05-10T11:36:12.000Z,2022-05-10T16:36:12.000Z,500002,300,31.9,1241,55,0,5,0,0,0
80289,2022-05-11T11:29:28.000Z,2022-05-11T15:29:28.000Z,500004,87,9.1,2334,21,0,0,4,6,0
80289,2022-05-13T10:20:08.000Z,2022-05-13T15:20:08.000Z,500003,253,25.6,1292,48,0,2,0,0,0
80289,2022-05-15T10:36:11.000Z,2022-05-15T15:36:11.000Z,500002,351,36.1,1180,50,5,0,0,5,0
80289,2022-05-17T10:15:41.000Z,2022-05-17T16:15:41.000Z,500003,270,27.8,2141,106,0,0,0,0,5
80289,2022-05-18T10:33:07.000Z,2022-05-18T17:33:07.000Z,500003,131,14,2177,39,0,3,0,2,0
80289,2022-05-20T11:41:22.000Z,2022-05-20T15:41:22.000Z,500004,617,63.5,1516,47,4,0,2,1,0
80289,2022-05-22T10:43:28.000Z,2022-05-22T15:43:28.000Z,500003,549,55.3,2154,68,0,0,0,0,0
80289,2022-05-24T11:49:43.000Z,2022-05-24T18:49:43.000Z,500003,132,13.5,2499,117,3,4,0,6,0
80289,2022-05-25T10:14:29.000Z,2022-05-25T17:14:29.000Z,500003,521,53.9,1658,55,1,0,0,7,0
80289,2022-05-26T10:34:14.000Z,2022-05-26T17:34:14.000Z,500003,463,47.3,2266,85,3,0,0,0,4
80289,2022-05-28T11:47:38.000Z,2022-05-28T15:47:38.000Z,500004,521,54.1,2470,118,4,0,3,4,0
80289,2022-06-01T10:08:19.000Z,2022-06-01T16:08:19.000Z,500002,250,26.7,1292,90,6,0,1,1,6
80289,2022-06-03T11:28:28.000Z,2022-06-03T17:28:28.000Z,500003,400,40.3,1754,47,0,4,0,6,2
80289,2022-06-05T10:54:49.000Z,2022-06-05T16:54:49.000Z,500002,127,12.9,2130,140,0,3,0,0,1
80289,2022-06-07T10:59:05.000Z,2022-06-07T14:59:05.000Z,500002,443,46.1,2332,84,3,0,2,6,1
80289,2022-06-08T10:01:25.000Z,2022-06-08T15:01:25.000Z,500003,415,43.4,2135,27,0,4,0,0,0
80289,2022-06-09T10:47:48.000Z,2022-06-09T16:47:48.000Z,500002,398,41.7,2341,77,3,0,1,0,0
80289,2022-06-10T10:54:45.000Z,2022-06-10T14:54:45.000Z,500004,457,47.1,1709,94,0,0,4,0,0
80289,2022-06-11T10:05:24.000Z,2022-06-11T14:05:24.000Z,500004,164,18.1,2041,98,4,3,0,0,0
80289,2022-06-12T10:50:26.000Z,2022-06-12T16:50:26.000Z,500002,361,38,1121,167,0,0,0,0,0
80289,2022-06-14T11:07:41.000Z,2022-06-14T16:07:41.000Z,500002,620,63.4,820,92,0,4,5,0,2
80289,2022-06-16T10:30:23.000Z,2022-06-16T14:30:23.000Z,500002,492,50.3,2383,79,0,0,2,0,4
80289,2022-06-18T11:51:20.000Z,2022-06-18T15:51:20.000Z,500003,208,21.6,3744,81,5,5,2,0,5
80289,2022-06-20T10:35:54.000Z,2022-06-20T17:35:54.000Z,500002,57,6.5,1845,52,4,0,0,0,3
80289,2022-06-22T11:50:29.000Z,2022-06-22T15:50:29.000Z,500002,439,44.3,2018,60,6,2,0,0,2
80289,2022-06-24T11:34:41.000Z,2022-06-24T16:34:41.000Z,500002,451,45.5,3593,148,1,0,0,0,3
80289,2022-06-25T10:53:58.000Z,2022-06-25T14:53:58.000Z,500002,206,21.2,1517,113,0,0,5,7,1
80289,2022-06-27T10:35:34.000Z,2022-06-27T15:35:34.000Z,500004,568,56.8,1266,79,0,5,1,0,0
80289,2022-07-01T10:18:42.000Z,2022-07-01T17:18:42.000Z,500004,511,51.2,1634,72,0,4,1,0,0
80289,2022-07-03T10:11:36.000Z,2022-07-03T15:11:36.000Z,500004,192,20.9,4952,109,4,3,1,4,2
80289,2022-07-05T11:51:11.000Z,2022-07-05T16:51:11.000Z,500002,484,49,1528,144,0,0,2,1,5
80289,2022-07-07T10:53:57.000Z,2022-07-07T14:53:57.000Z,500004,557,57.2,2216,78,6,4,0,0,0
80289,2022-07-08T11:11:07.000Z,2022-07-08T15:11:07.000Z,500002,163,16.6,1363,41,2,0,0,1,1
80289,2022-07-10T10:26:18.000Z,2022-07-10T14:26:18.000Z,500002,276,28.4,1192,64,0,4,0,0,3
80289,2022-07-11T11:18:00.000Z,2022-07-11T16:18:00.000Z,500002,235,23.8,2001,175,0,0,0,0,3
80289,2022-07-13T11:15:28.000Z,2022-07-13T18:15:28.000Z,500004,166,17.6,1068,78,4,0,0,0,0
80289,2022-07-14T11:41:26.000Z,2022-07-14T16:41:26.000Z,500004,546,55.8,4366,73,0,0,2,1,1
80289,2022-07-15T11:39:04.000Z,2022-07-15T18:39:04.000Z,500003,116,12.3,1729,80,0,0,0,0,0
80289,2022-07-17T10:39:20.000Z,2022-07-17T17:39:20.000Z,500004,566,58.3,5794,106,5,0,2,0,0
80289,2022-07-18T11:18:27.000Z,2022-07-18T15:18:27.000Z,500003,165,17.5,1243,99,5,3,0,1,0
80289,2022-07-19T11:31:15.000Z,2022-07-19T18:31:15.000Z,500002,386,38.9,2236,103,2,0,0,0,5
80289,2022-07-20T11:32:51.000Z,2022-07-20T16:32:51.000Z,500002,179,18.8,1149,49,2,0,0,0,0
80289,2022-07-22T10:12:59.000Z,2022-07-22T15:12:59.000Z,500002,220,22.3,2674,117,0,0,0,2,5
80289,2022-07-23T11:56:25.000Z,2022-07-23T15:56:25.000Z,500003,572,58.1,1037,115,0,0,3,0,3
80289,2022-07-24T10:10:03.000Z,2022-07-24T17:10:03.000Z,500004,584,60.1,5476,76,0,0,0,5,2
80289,2022-07-26T10:23:53.000Z,2022-07-26T14:23:53.000Z,500002,544,54.6,5680,36,0,2,1,7,6
80289,2022-07-28T10:07:43.000Z,2022-07-28T17:07:43.000Z,500004,204,22.4,1761,132,0,0,0,0,1
80289,2022-08-01T10:29:07.000Z,2022-08-01T14:29:07.000Z,500004,547,54.8,1080,106,4,3,5,0,3
80289,2022-08-02T11:54:42.000Z,2022-08-02T16:54:42.000Z,500003,565,57.7,2009,84,6,0,0,2,2
80289,2022-08-03T10:54:17.000Z,2022-08-03T15:54:17.000Z,500002,515,51.7,1415,39,0,0,4,0,0
80289,2022-08-05T10:12:59.000Z,2022-08-05T17:12:59.000Z,500003,425,43.7,2018,36,4,3,0,0,0
80289,2022-08-07T11:03:02.000Z,2022-08-07T16:03:02.000Z,500002,377,39.2,1556,65,4,4,1,3,0
80289,2022-08-09T11:34:19.000Z,2022-08-09T17:34:19.000Z,500003,212,22.7,1780,70,0,0,0,0,0
80289,2022-08-11T10:18:13.000Z,2022-08-11T14:18:13.000Z,500004,584,58.9,1757,184,0,0,3,0,6
80289,2022-08-13T10:01:15.000Z,2022-08-13T16:01:15.000Z,500003,369,38.1,3606,67,0,2,5,5,0
80289,2022-08-14T10:33:38.000Z,2022-08-14T16:33:38.000Z,500003,139,15.1,1347,21,3,0,0,1,1
80289,2022-08-15T11:34:55.000Z,2022-08-15T18:34:55.000Z,500002,517,53,5800,114,6,0,4,0,0
80289,2022-08-17T11:02:19.000Z,2022-08-17T15:02:19.000Z,500003,118,12.3,1461,77,6,1,1,0,0
80289,2022-08-19T11:31:06.000Z,2022-08-19T18:31:06.000Z,500002,378,39.1,3181,37,5,5,1,0,0
80289,2022-08-20T11:39:06.000Z,2022-08-20T18:39:06.000Z,500002,405,40.6,2464,96,0,0,0,0,0
80289,2022-08-22T10:47:57.000Z,2022-08-22T15:47:57.000Z,500003,253,25.5,1882,85,0,0,0,0,0
80289,2022-08-23T11:13:31.000Z,2022-08-23T16:13:31.000Z,500002,414,41.6,2362,107,0,1,0,0,2
80289,2022-08-24T11:32:10.000Z,2022-08-24T16:32:10.000Z,500003,228,23.5,1279,130,0,0,0,0,3
80289,2022-08-26T10:36:22.000Z,2022-08-26T16:36:22.000Z,500002,129,13,953,44,0,0,0,0,4
80289,2022-08-28T10:23:15.000Z,2022-08-28T14:23:15.000Z,500004,596,59.6,1212,70,0,0,0,7,1
80289,2022-09-01T10:48:31.000Z,2022-09-01T15:48:31.000Z,500003,444,45,4713,26,0,1,2,5,0
80289,2022-09-02T10:35:12.000Z,2022-09-02T14:35:12.000Z,500002,580,58,4901,93,5,4,0,0,0
80289,2022-09-03T11:01:06.000Z,2022-09-03T15:01:06.000Z,500003,130,13.2,1744,120,0,3,0,4,0
80289,2022-09-05T10:59:41.000Z,2022-09-05T14:59:41.000Z,500004,280,29.7,2281,85,0,1,2,5,0
80289,2022-09-06T10:50:33.000Z,2022-09-06T14:50:33.000Z,500003,561,58.1,1732,64,0,2,0,0,0
80289,2022-09-07T11:30:45.000Z,2022-09-07T18:30:45.000Z,500004,228,23.4,1501,52,0,0,2,0,0
80289,2022-09-09T11:15:30.000Z,2022-09-09T16:15:30.000Z,500003,472,47.8,3136,104,2,0,0,0,0
80289,2022-09-11T11:49:20.000Z,2022-09-11T15:49:20.000Z,500002,336,35.3,933,180,0,0,4,0,0
80289,2022-09-12T11:48:54.000Z,2022-09-12T17:48:54.000Z,500004,447,45.1,1557,82,0,3,1,0,0
80289,2022-09-13T10:50:40.000Z,2022-09-13T14:50:40.000Z,500004,516,52.3,1837,107,5,3,1,0,0
80289,2022-09-15T10:20:47.000Z,2022-09-15T16:20:47.000Z,500002,210,21.2,1766,62,2,0,5,2,0
80289,2022-09-16T11:31:44.000Z,2022-09-16T17:31:44.000Z,500004,617,62.5,2381,99,2,0,0,0,0
80289,2022-09-17T11:47:56.000Z,2022-09-17T15:47:56.000Z,500002,61,6.4,1067,75,2,0,2,0,1
80289,2022-09-19T11:24:13.000Z,2022-09-19T18:24:13.000Z,500002,420,42.4,886,108,3,0,0,5,0
80289,2022-09-20T11:25:05.000Z,2022-09-20T18:25:05.000Z,500003,138,14.8,2388,52,0,2,0,5,4
80289,2022-09-21T10:02:23.000Z,2022-09-21T17:02:23.000Z,500004,595,60.9,4189,72,0,0,0,1,1
80289,2022-09-22T11:02:22.000Z,2022-09-22T16:02:22.000Z,500004,603,61.5,1438,107,6,5,0,0,1
80289,2022-09-24T10:03:33.000Z,2022-09-24T15:03:33.000Z,500002,315,32.4,1242,96,0,0,1,0,0
80289,2022-09-26T11:22:37.000Z,2022-09-26T18:22:37.000Z,500002,339,33.9,1596,66,0,3,5,0,4
80289,2022-09-28T10:49:10.000Z,2022-09-28T14:49:10.000Z,500002,67,8.2,2208,32,0,0,0,0,0
80289,2022-10-01T11:38:34.000Z,2022-10-01T18:38:34.000Z,500003,566,58.2,1114,21,6,0,0,3,3
80289,2022-10-02T11:11:02.000Z,2022-10-02T18:11:02.000Z,500004,426,43.7,1314,117,0,4,0,6,1
80289,2022-10-04T11:12:19.000Z,2022-10-04T16:12:19.000Z,500003,355,36.1,2017,93,0,4,1,0,6
80289,2022-10-06T10:27:01.000Z,2022-10-06T15:27:01.000Z,500002,598,61,1641,70,1,2,4,3,6
80289,2022-10-07T11:31:22.000Z,2022-10-07T16:31:22.000Z,500004,150,16.8,2159,157,0,1,2,0,6
80289,2022-10-08T10:08:52.000Z,2022-10-08T17:08:52.000Z,500002,475,49.5,1244,168,1,5,5,0,3
80289,2022-10-09T10:09:18.000Z,2022-10-09T14:09:18.000Z,500002,464,48.2,1412,97,2,0,5,5,1
80289,2022-10-10T10:24:57.000Z,2022-10-10T15:24:57.000Z,500003,356,36.2,2195,53,4,0,0,6,5
80289,2022-10-11T10:28:08.000Z,2022-10-11T15:28:08.000Z,500003,296,31,1976,95,0,0,2,1,0
80289,2022-10-13T10:45:58.000Z,2022-10-13T15:45:58.000Z,500003,428,44.3,992,90,0,0,3,0,0
80289,2022-10-15T11:40:15.000Z,2022-10-15T15:40:15.000Z,500002,204,20.9,1876,62,0,0,0,0,2
80289,2022-10-17T10:33:48.000Z,2022-10-17T16:33:48.000Z,500003,432,44.6,1362,91,5,0,0,6,0
80289,2022-10-18T10:23:31.000Z,2022-10-18T17:23:31.000Z,500003,63,7.3,1467,68,0,1,0,0,0
80289,2022-10-20T10:38:56.000Z,2022-10-20T17:38:56.000Z,500003,408,41.7,2336,87,0,3,1,6,2
80289,2022-10-22T11:41:59.000Z,2022-10-22T17:41:59.000Z,500002,265,26.9,1498,95,0,0,0,3,3
80289,2022-10-23T11:57:48.000Z,2022-10-23T15:57:48.000Z,500004,311,32.7,1326,117,1,4,5,5,1
80289,2022-10-25T11:53:58.000Z,2022-10-25T17:53:58.000Z,500003,538,55.3,1871,22,3,0,0,4,0
80289,2022-10-26T10:34:40.000Z,2022-10-26T14:34:40.000Z,500002,149,14.9,1799,51,0,0,0,0,3
80289,2022-10-28T10:55:59.000Z,2022-10-28T14:55:59.000Z,500002,79,8.7,2385,162,3,4,0,0,0
80289,2022-11-01T11:46:57.000Z,2022-11-01T18:46:57.000Z,500002,179,19.2,1054,44,0,3,4,6,2
80289,2022-11-03T12:14:48.000Z,2022-11-03T19:14:48.000Z,500004,90,9.6,1261,47,6,5,0,0,1
80289,2022-11-04T12:02:19.000Z,2022-11-04T18:02:19.000Z,500002,100,10,1656,165,0,5,1,3,0
80289,2022-11-05T11:56:56.000Z,2022-11-05T15:56:56.000Z,500003,430,44.8,893,132,6,5,1,0,0
80289,2022-11-07T11:35:34.000Z,2022-11-07T15:35:34.000Z,500004,79,8.7,1120,88,5,0,0,0,1
80289,2022-11-09T12:36:01.000Z,2022-11-09T17:36:01.000Z,500002,215,23,2168,63,0,0,0,1,6
80289,2022-11-11T11:26:45.000Z,2022-11-11T16:26:45.000Z,500004,466,47.9,1084,57,0,0,0,0,0
80289,2022-11-13T11:58:32.000Z,2022-11-13T18:58:32.000Z,500004,204,22,1301,102,0,0,0,0,6
80289,2022-11-15T12:05:08.000Z,2022-11-15T16:05:08.000Z,500004,594,60.7,2160,90,0,0,2,1,0
80289,2022-11-16T11:40:52.000Z,2022-11-16T15:40:52.000Z,500003,533,53.4,1671,54,0,0,0,0,0
80289,2022-11-17T11:42:17.000Z,2022-11-17T18:42:17.000Z,500003,532,53.3,3840,97,5,2,0,5,0
80289,2022-11-19T12:04:43.000Z,2022-11-19T17:04:43.000Z,500004,552,55.4,1600,109,0,5,3,4,2
80289,2022-11-21T11:02:23.000Z,2022-11-21T16:02:23.000Z,500003,180,19.2,1413,142,5,0,0,0,0
80289,2022-11-22T11:43:11.000Z,2022-11-22T18:43:11.000Z,500003,296,30.3,1057,22,0,0,3,2,3
80289,2022-11-24T12:11:41.000Z,2022-11-24T17:11:41.000Z,500003,475,48.9,1960,51,0,0,4,0,0
80289,2022-11-26T11:15:56.000Z,2022-11-26T15:15:56.000Z,500003,113,11.6,1121,72,0,5,0,0,0
80289,2022-11-28T11:55:23.000Z,2022-11-28T17:55:23.000Z,500003,536,54.3,3558,106,5,0,0,5,3
80289,2022-12-01T11:18:32.000Z,2022-12-01T18:18:32.000Z,500004,226,23.6,1924,44,5,0,4,0,2
80289,2022-12-03T11:39:13.000Z,2022-12-03T15:39:13.000Z,500003,254,25.4,1448,110,0,0,1,0,0
80289,2022-12-04T12:55:44.000Z,2022-12-04T18:55:44.000Z,500002,147,15.3,1967,163,6,0,1,0,0
80289,2022-12-06T11:35:07.000Z,2022-12-06T18:35:07.000Z,500004,126,13.9,847,90,0,0,1,0,1
80289,2022-12-08T12:05:29.000Z,2022-12-08T19:05:29.000Z,500002,340,35.8,1547,104,0,5,0,0,5
80289,2022-12-10T12:00:29.000Z,2022-12-10T19:00:29.000Z,500003,275,28.9,2390,106,0,0,0,3,0
80289,2022-12-12T12:16:47.000Z,2022-12-12T19:16:47.000Z,500003,342,35,2470,50,6,1,0,3,0
80289,2022-12-14T11:50:46.000Z,2022-12-14T18:50:46.000Z,500002,623,64.3,3846,77,5,0,4,7,0
80289,2022-12-15T12:17:42.000Z,2022-12-15T18:17:42.000Z,500002,620,62.8,2189,68,2,3,3,0,0
80289,2022-12-16T11:24:16.000Z,2022-12-16T16:24:16.000Z,500003,140,14.2,1323,72,5,0,2,0,0
80289,2022-12-18T11:30:16.000Z,2022-12-18T15:30:16.000Z,500003,545,55,2053,170,5,0,5,0,0
80289,2022-12-19T11:00:35.000Z,2022-12-19T17:00:35.000Z,500003,557,56.1,2076,22,0,5,0,0,5
80289,2022-12-20T12:08:55.000Z,2022-12-20T19:08:55.000Z,500002,423,42.3,5594,121,0,0,5,2,0
80289,2022-12-22T11:14:03.000Z,2022-12-22T16:14:03.000Z,500004,441,44.9,1097,92,0,0,0,0,0
80289,2022-12-24T11:56:58.000Z,2022-12-24T15:56:58.000Z,500003,195,19.8,1279,65,6,3,4,5,0
80289,2022-12-26T11:33:27.000Z,2022-12-26T16:33:27.000Z,500003,288,29.7,2365,22,0,0,1,5,0
80289,2022-12-27T11:37:55.000Z,2022-12-27T18:37:55.000Z,500002,405,42,1445,23,0,0,5,0,4
80289,2022-12-28T12:55:26.000Z,2022-12-28T17:55:26.000Z,500003,105,11,1558,20,0,1,0,0,0
80290,2022-01-01T11:35:10.000Z,2022-01-01T16:35:10.000Z,500002,89,9.2,2185,189,4,2,3,1,4
80290,2022-01-02T12:11:28.000Z,2022-01-02T18:11:28.000Z,500003,413,42.6,1853,50,2,0,4,0,0
80290,2022-01-03T11:26:02.000Z,2022-01-03T15:26:02.000Z,500004,125,14,2240,26,0,2,5,0,5
80290,2022-01-04T12:31:28.000Z,2022-01-04T19:31:28.000Z,500004,283,29.6,1769,43,1,0,3,3,0
80290,2022-01-05T12:07:07.000Z,2022-01-05T19:07:07.000Z,500003,141,14.3,1968,33,0,0,0,4,5
80290,2022-01-06T12:16:36.000Z,2022-01-06T19:16:36.000Z,500002,518,52.1,1885,165,0,0,0,0,4
80290,2022-01-08T12:43:13.000Z,2022-01-08T16:43:13.000Z,500003,491,50.7,1325,80,6,3,0,2,0
80290,2022-01-10T11:17:47.000Z,2022-01-10T18:17:47.000Z,500002,135,14.8,2362,63,2,5,1,6,6
80290,2022-01-12T11:31:41.000Z,2022-01-12T18:31:41.000Z,500004,212,23.2,2370,37,0,3,1,0,0
80290,2022-01-13T11:01:53.000Z,2022-01-13T15:01:53.000Z,500003,221,23.6,1336,113,0,3,0,0,0
80290,2022-01-14T11:57:53.000Z,2022-01-14T18:57:53.000Z,500003,129,13.1,1403,58,0,0,0,5,0
80290,2022-01-16T12:39:10.000Z,2022-01-16T18:39:10.000Z,500003,505,52.2,1604,27,0,4,4,5,5
80290,2022-01-17T12:55:01.000Z,2022-01-17T18:55:01.000Z,500003,608,61.7,1738,149,4,4,1,4,0
80290,2022-01-18T11:08:38.000Z,2022-01-18T17:08:38.000Z,500004,174,18.7,2439,81,3,3,0,0,0
80290,2022-01-20T12:23:51.000Z,2022-01-20T18:23:51.000Z,500004,341,34.5,1042,104,2,0,0,0,0
80290,2022-01-21T12:54:42.000Z,2022-01-21T17:54:42.000Z,500004,255,26,2393,96,2,0,2,3,1
80290,2022-01-22T11:53:48.000Z,2022-01-22T17:53:48.000Z,500004,123,13.7,1776,113,0,0,0,7,6
80290,2022-01-24T12:15:54.000Z,2022-01-24T18:15:54.000Z,500004,59,6.5,1118,65,3,5,0,7,0
80290,2022-01-25T11:38:30.000Z,2022-01-25T16:38:30.000Z,500003,420,42.3,2398,20,1,0,2,1,4
80290,2022-01-27T12:37:12.000Z,2022-01-27T18:37:12.000Z,500004,122,12.8,4114,78,0,0,0,0,0
80290,2022-02-01T12:47:15.000Z,2022-02-01T19:47:15.000Z,500003,154,15.6,1874,28,1,3,3,7,4
80290,2022-02-02T11:40:52.000Z,2022-02-02T18:40:52.000Z,500003,66,8.4,2402,113,4,0,4,0,6
80290,2022-02-04T11:04:34.000Z,2022-02-04T17:04:34.000Z,500003,346,34.9,1976,82,0,0,0,0,3
80290,2022-02-05T12:21:30.000Z,2022-02-05T16:21:30.000Z,500003,581,59.1,1232,61,0,0,4,0,4
80290,2022-02-07T11:33:33.000Z,2022-02-07T15:33:33.000Z,500003,189,19.9,4169,72,2,5,0,0,0
80290,2022-02-08T11:48:06.000Z,2022-02-08T15:48:06.000Z,500003,89,10.5,2152,83,4,4,0,3,6
80290,2022-02-09T11:02:32.000Z,2022-02-09T18:02:32.000Z,500003,125,13.8,1072,33,0,0,0,0,0
80290,2022-02-11T11:05:19.000Z,2022-02-11T15:05:19.000Z,500004,371,39,1821,66,0,4,1,7,0
80290,2022-02-12T12:05:00.000Z,2022-02-12T19:05:00.000Z,500004,578,59.6,1404,25,0,0,0,0,5
80290,2022-02-14T12:40:27.000Z,2022-02-14T16:40:27.000Z,500004,540,54,2423,20,0,0,0,3,0
80290,2022-02-16T12:37:22.000Z,2022-02-16T16:37:22.000Z,500002,155,17,2087,93,0,5,0,0,0
80290,2022-02-18T11:28:28.000Z,2022-02-18T15:28:28.000Z,500002,205,21.3,5608,99,1,1,0,5,5
80290,2022-02-20T12:19:50.000Z,2022-02-20T18:19:50.000Z,500003,129,14.2,1213,73,0,0,1,0,4
80290,2022-02-21T12:24:42.000Z,2022-02-21T17:24:42.000Z,500004,187,20,2420,114,0,0,3,4,2
80290,2022-02-23T11:38:45.000Z,2022-02-23T17:38:45.000Z,500003,389,40.6,1899,44,5,0,5,7,0
80290,2022-02-25T11:35:15.000Z,2022-02-25T18:35:15.000Z,500004,381,38.5,1444,95,1,0,0,0,4
80290,2022-02-26T11:36:45.000Z,2022-02-26T18:36:45.000Z,500002,224,23.6,1389,25,5,5,5,2,0
80290,2022-02-28T12:00:22.000Z,2022-02-28T19:00:22.000Z,500004,409,42.6,2592,103,0,0,5,0,6
80290,2022-03-01T11:23:40.000Z,2022-03-01T16:23:40.000Z,500003,226,22.6,1679,58,0,2,0,0,3
80290,2022-03-02T11:08:37.000Z,2022-03-02T15:08:37.000Z,500003,83,8.9,926,25,6,5,0,6,0
80290,2022-03-03T11:52:03.000Z,2022-03-03T15:52:03.000Z,500004,119,12.1,1851,96,0,4,0,6,0
80290,2022-03-04T11:34:59.000Z,2022-03-04T17:34:59.000Z,500004,471,48.8,1926,33,0,1,0,7,0
80290,2022-03-06T11:59:25.000Z,2022-03-06T18:59:25.000Z,500004,555,56.9,2074,39,0,0,3,0,3
80290,2022-03-08T11:57:46.000Z,2022-03-08T15:57:46.000Z,500003,461,47.5,1985,120,0,5,0,0,0
80290,2022-03-10T12:11:30.000Z,2022-03-10T17:11:30.000Z,500004,449,46.9,2374,135,0,0,0,5,2
80290,2022-03-12T11:38:06.000Z,2022-03-12T15:38:06.000Z,500002,56,6,1292,69,6,0,1,0,0
80290,2022-03-13T12:19:55.000Z,2022-03-13T19:19:55.000Z,500003,342,34.9,1052,35,0,4,4,0,5
80290,2022-03-15T12:54:49.000Z,2022-03-15T16:54:49.000Z,500004,150,16.2,919,70,1,0,4,7,0
80290,2022-03-16T11:37:32.000Z,2022-03-16T17:37:32.000Z,500003,588,58.8,1446,104,0,2,5,0,0
80290,2022-03-17T12:17:55.000Z,2022-03-17T19:17:55.000Z,500002,175,17.9,2221,50,0,0,0,0,0
80290,2022-03-18T11:32:27.000Z,2022-03-18T15:32:27.000Z,500003,521,53.7,5906,24,6,3,3,0,0
80290,2022-03-19T11:31:59.000Z,2022-03-19T17:31:59.000Z,500004,315,32.6,1242,113,0,0,0,0,6
80290,2022-03-21T11:42:33.000Z,2022-03-21T18:42:33.000Z,500002,72,7.4,1276,88,0,4,2,0,0
80290,2022-03-22T11:18:42.000Z,2022-03-22T16:18:42.000Z,500003,61,6.9,2269,103,0,0,3,0,1
80290,2022-03-24T12:26:58.000Z,2022-03-24T18:26:58.000Z,500004,304,31.9,2193,52,0,0,4,0,0
80290,2022-03-25T12:33:26.000Z,2022-03-25T16:33:26.000Z,500003,569,57.8,2466,26,6,0,3,0,1
80290,2022-03-26T11:27:59.000Z,2022-03-26T15:27:59.000Z,500004,602,60.4,899,92,0,0,0,0,6
80290,2022-03-28T11:20:33.000Z,2022-03-28T16:20:33.000Z,500002,233,23.9,2088,59,2,0,0,0,0
80290,2022-04-01T11:13:34.000Z,2022-04-01T18:13:34.000Z,500004,182,19.2,1655,72,0,1,0,4,5
80290,2022-04-03T11:50:56.000Z,2022-04-03T16:50:56.000Z,500004,179,18,1461,66,0,0,0,6,0
80290,2022-04-04T11:39:05.000Z,2022-04-04T16:39:05.000Z,500002,369,37,1083,21,6,0,0,4,0
80290,2022-04-06T11:58:59.000Z,2022-04-06T17:58:59.000Z,500003,420,43.6,2179,79,0,3,1,0,0
80290,2022-04-08T10:23:02.000Z,2022-04-08T14:23:02.000Z,500003,528,53.9,2342,65,0,5,1,0,0
80290,2022-04-10T11:09:43.000Z,2022-04-10T16:09:43.000Z,500004,378,39.8,2035,85,0,0,0,0,2
80290,2022-04-12T11:53:13.000Z,2022-04-12T16:53:13.000Z,500002,543,55.2,1071,117,0,0,0,6,3
80290,2022-04-14T11:39:31.000Z,2022-04-14T16:39:31.000Z,500002,101,11.6,2253,36,0,0,5,0,5
80290,2022-04-15T10:06:45.000Z,2022-04-15T16:06:45.000Z,500003,171,17.1,2018,158,0,0,0,0,0
80290,2022-04-16T11:17:13.000Z,2022-04-16T17:17:13.000Z,500002,491,50.8,1754,179,1,0,0,0,3
80290,2022-04-18T11:00:55.000Z,2022-04-18T16:00:55.000Z,500002,395,40.9,1221,47,0,1,3,0,6
80290,2022-04-19T11:15:34.000Z,2022-04-19T15:15:34.000Z,500004,316,32.7,2463,87,5,0,0,0,0
80290,2022-04-21T11:06:32.000Z,2022-04-21T16:06:32.000Z,500002,614,62.1,1285,42,0,4,3,2,5
80290,2022-04-22T11:27:21.000Z,2022-04-22T15:27:21.000Z,500002,351,36.9,1426,116,0,0,0,0,0
80290,2022-04-23T10:52:01.000Z,2022-04-23T17:52:01.000Z,500003,466,47.1,1412,27,0,0,3,7,0
80290,2022-04-25T10:38:01.000Z,2022-04-25T16:38:01.000Z,500002,475,49.1,2444,45,0,0,0,1,0
80290,2022-04-26T11:51:40.000Z,2022-04-26T18:51:40.000Z,500003,401,41.3,1180,25,5,1,0,2,4
80290,2022-04-28T10:06:12.000Z,2022-04-28T17:06:12.000Z,500003,564,56.6,1343,109,5,0,0,0,0
80290,2022-05-01T10:52:34.000Z,2022-05-01T16:52:34.000Z,500003,110,12.7,2488,92,6,0,0,5,0
80290,2022-05-03T10:16:32.000Z,2022-05-03T16:16:32.000Z,500002,597,61.1,1144,32,0,1,0,6,0
80290,2022-05-05T11:39:53.000Z,2022-05-05T18:39:53.000Z,500003,477,48.6,904,108,0,0,3,2,6
80290,2022-05-07T10:08:04.000Z,2022-05-07T14:08:04.000Z,500002,177,18.4,1971,110,0,4,1,7,0
80290,2022-05-08T10:47:33.000Z,2022-05-08T14:47:33.000Z,500004,287,29.5,2087,55,0,0,1,0,0
80290,2022-05-10T10:11:36.000Z,2022-05-10T14:11:36.000Z,500002,510,51.7,928,95,0,0,4,0,0
80290,2022-05-11T11:52:42.000Z,2022-05-11T16:52:42.000Z,500002,358,36.9,2211,108,0,0,0,4,0
80290,2022-05-12T11:47:51.000Z,2022-05-12T17:47:51.000Z,500002,72,9.2,939,99,3,0,0,5,0
80290,2022-05-13T11:00:21.000Z,2022-05-13T18:00:21.000Z,500003,355,35.5,2146,62,0,4,0,1,0
80290,2022-05-15T10:57:53.000Z,2022-05-15T15:57:53.000Z,500003,91,10.4,1385,36,4,0,0,7,0
80290,2022-05-16T11:59:02.000Z,2022-05-16T15:59:02.000Z,500003,330,33.1,2112,110,0,4,5,3,6
80290,2022-05-17T10:59:39.000Z,2022-05-17T14:59:39.000Z,500004,185,18.6,2434,63,0,0,0,5,3
80290,2022-05-19T11:22:25.000Z,2022-05-19T17:22:25.000Z,500003,169,18.3,2030,89,0,0,5,3,5
80290,2022-05-20T11:47:38.000Z,2022-05-20T18:47:38.000Z,500003,80,9.4,1424,56,0,0,5,0,0
80290,2022-05-22T11:30:16.000Z,2022-05-22T18:30:16.000Z,500002,565,57.9,1010,46,2,0,0,6,3
80290,2022-05-24T11:40:49.000Z,2022-05-24T17:40:49.000Z,500002,327,34.4,3350,176,0,0,0,1,2
80290,2022-05-26T11:48:11.000Z,2022-05-26T15:48:11.000Z,500002,97,11.1,2407,67,2,5,5,0,0
80290,2022-05-28T11:55:09.000Z,2022-05-28T15:55:09.000Z,500004,575,58.1,1422,118,4,3,1,0,5
80290,2022-06-01T10:49:01.000Z,2022-06-01T15:49:01.000Z,500002,384,39.3,1254,76,0,1,0,0,0
80290,2022-06-02T10:45:07.000Z,2022-06-02T14:45:07.000Z,500004,595,61.2,1222,113,4,1,0,0,0
80290,2022-06-04T11:03:57.000Z,2022-06-04T18:03:57.000Z,500002,604,62.2,1217,54,5,0,2,0,6
80290,2022-06-06T10:06:51.000Z,2022-06-06T15:06:51.000Z,500004,537,54.4,2321,26,0,5,0,3,5
80290,2022-06-08T10:38:48.000Z,2022-06-08T17:38:48.000Z,500004,428,43,1108,95,4,0,0,0,0
80290,2022-06-09T11:36:36.000Z,2022-06-09T17:36:36.000Z,500003,314,32.4,2251,103,2,3,4,0,0
80290,2022-06-10T11:45:37.000Z,2022-06-10T16:45:37.000Z,500003,490,49.2,1334,103,0,3,0,0,0
80290,2022-06-11T10:17:48.000Z,2022-06-11T14:17:48.000Z,500002,375,39.4,1086,58,3,5,4,2,2
80290,2022-06-12T11:29:33.000Z,2022-06-12T16:29:33.000Z,500003,611,61.9,998,68,5,1,4,4,0
80290,2022-06-14T11:09:47.000Z,2022-06-14T16:09:47.000Z,500002,576,58.6,1350,111,0,5,0,2,1
80290,2022-06-15T11:23:34.000Z,2022-06-15T18:23:34.000Z,500003,254,25.6,4784,70,0,5,3,2,5
80290,2022-06-17T10:25:24.000Z,2022-06-17T14:25:24.000Z,500004,81,9.9,1535,62,0,2,5,0,0
80290,2022-06-18T11:41:13.000Z,2022-06-18T17:41:13.000Z,500004,538,54.1,1102,39,0,1,0,1,0
80290,2022-06-19T11:59:47.000Z,2022-06-19T17:59:47.000Z,500003,582,58.4,1007,56,0,2,0,0,4
80290,2022-06-21T10:07:02.000Z,2022-06-21T16:07:02.000Z,500002,469,47.9,1507,44,3,0,0,0,0
80290,2022-06-22T10:12:22.000Z,2022-06-22T15:12:22.000Z,500004,563,56.3,855,111,2,2,0,0,4
80290,2022-06-23T10:25:21.000Z,2022-06-23T17:25:21.000Z,500004,435,44,1310,33,0,2,5,0,0
80290,2022-06-24T11:56:33.000Z,2022-06-24T15:56:33.000Z,500004,515,52.5,1639,117,0,2,0,1,6
80290,2022-06-26T10:25:19.000Z,2022-06-26T16:25:19.000Z,500003,123,12.6,1595,115,0,5,2,0,1
80290,2022-06-28T10:09:26.000Z,2022-06-28T17:09:26.000Z,500003,185,19.5,2175,49,2,5,1,7,0
80290,2022-07-01T11:56:36.000Z,2022-07-01T16:56:36.000Z,500004,514,52.3,2033,69,4,0,0,0,0
80290,2022-07-03T10:03:31.000Z,2022-07-03T16:03:31.000Z,500003,346,35.7,2414,111,2,1,0,1,0
80290,2022-07-04T11:12:44.000Z,2022-07-04T16:12:44.000Z,500003,202,21.3,963,27,0,5,0,0,0
80290,2022-07-05T11:38:46.000Z,2022-07-05T17:38:46.000Z,500003,297,30.6,2289,74,1,3,0,0,0
80290,2022-07-06T11:52:25.000Z,2022-07-06T18:52:25.000Z,500002,199,20.2,1507,59,5,0,0,6,5
80290,2022-07-07T11:37:31.000Z,2022-07-07T18:37:31.000Z,500004,566,58.4,2040,55,0,2,1,0,0
80290,2022-07-09T10:47:27.000Z,2022-07-09T16:47:27.000Z,500002,362,36.8,1711,74,0,0,0,6,0
80290,2022-07-10T11:14:46.000Z,2022-07-10T15:14:46.000Z,500004,61,7.8,1831,41,0,0,0,0,2
80290,2022-07-12T10:13:56.000Z,2022-07-12T16:13:56.000Z,500003,503,52,2245,44,4,0,3,0,0
80290,2022-07-14T10:58:50.000Z,2022-07-14T15:58:50.000Z,500002,532,54.9,1928,68,1,0,0,0,0
80290,2022-07-15T11:26:40.000Z,2022-07-15T18:26:40.000Z,500003,402,41,2389,75,2,0,5,0,3
80290,2022-07-16T11:26:04.000Z,2022-07-16T16:26:04.000Z,500003,197,20.4,1148,88,0,0,4,3,0
80290,2022-07-18T11:17:32.000Z,2022-07-18T18:17:32.000Z,500002,182,18.9,1203,88,2,4,0,2,1
80290,2022-07-19T10:32:12.000Z,2022-07-19T14:32:12.000Z,500003,498,49.9,1246,52,2,0,5,6,1
80290,2022-07-21T10:22:45.000Z,2022-07-21T16:22:45.000Z,500002,270,28.7,1335,24,1,3,0,4,5
80290,2022-07-22T11:57:55.000Z,2022-07-22T17:57:55.000Z,500002,76,8.7,1069,85,0,0,0,1,0
80290,2022-07-24T10:58:56.000Z,2022-07-24T15:58:56.000Z,500004,620,63.5,885,82,0,0,0,0,0
80290,2022-07-25T10:35:27.000Z,2022-07-25T17:35:27.000Z,500003,197,21.5,2043,30,4,4,0,0,5
80290,2022-07-27T10:36:18.000Z,2022-07-27T14:36:18.000Z,500002,273,28.2,1290,24,5,0,0,0,0
80290,2022-08-01T10:44:44.000Z,2022-08-01T15:44:44.000Z,500003,110,12.6,1177,128,0,0,0,0,0
80290,2022-08-02T11:05:09.000Z,2022-08-02T17:05:09.000Z,500004,226,24,2225,36,0,0,0,0,4
80290,2022-08-04T11:19:47.000Z,2022-08-04T15:19:47.000Z,500004,68,8.7,1434,50,0,4,5,0,5
80290,2022-08-05T10:04:35.000Z,2022-08-05T14:04:35.000Z,500004,267,28.2,5814,83,4,5,4,3,4
80290,2022-08-06T11:39:12.000Z,2022-08-06T15:39:12.000Z,500004,276,28.9,3237,102,0,0,0,0,0
80290,2022-08-08T10:37:08.000Z,2022-08-08T17:37:08.000Z,500004,301,30.7,2408,139,0,0,3,0,5
80290,2022-08-09T11:15:50.000Z,2022-08-09T17:15:50.000Z,500002,395,41.1,1633,27,3,3,1,0,0
80290,2022-08-11T11:54:54.000Z,2022-08-11T18:54:54.000Z,500004,255,25.6,2014,126,6,0,0,4,0
80290,2022-08-12T11:53:13.000Z,2022-08-12T15:53:13.000Z,500002,220,22.7,944,80,0,0,0,0,3
80290,2022-08-13T11:00:30.000Z,2022-08-13T16:00:30.000Z,500004,363,37,2159,52,3,5,0,0,0
80290,2022-08-14T10:14:10.000Z,2022-08-14T14:14:10.000Z,500002,603,61.2,2338,25,0,1,4,6,4
80290,2022-08-15T11:22:37.000Z,2022-08-15T16:22:37.000Z,500002,302,31,2408,82,0,0,0,0,0
80290,2022-08-17T10:27:00.000Z,2022-08-17T15:27:00.000Z,500002,91,9.9,1807,26,3,2,2,0,0
80290,2022-08-18T11:57:53.000Z,2022-08-18T17:57:53.000Z,500004,114,11.9,858,56,1,0,0,1,0
80290,2022-08-20T11:10:55.000Z,2022-08-20T16:10:55.000Z,500003,603,61.5,1042,131,0,0,0,7,0
80290,2022-08-22T10:31:28.000Z,2022-08-22T16:31:28.000Z,500002,600,61.7,2225,40,5,0,2,0,0
80290,2022-08-24T10:36:39.000Z,2022-08-24T14:36:39.000Z,500002,104,11.6,1948,52,5,1,0,0,1
80290,2022-08-26T11:28:19.000Z,2022-08-26T17:28:19.000Z,500004,433,45.3,2154,89,0,0,0,0,0
80290,2022-08-28T10:42:07.000Z,2022-08-28T16:42:07.000Z,500003,375,38.2,4262,113,3,0,5,0,4
80290,2022-09-01T11:26:48.000Z,2022-09-01T17:26:48.000Z,500004,461,47.8,1893,120,0,0,0,2,0
80290,2022-09-03T11:55:14.000Z,2022-09-03T17:55:14.000Z,500003,592,59.9,2362,114,4,3,4,2,0
80290,2022-09-04T10:55:12.000Z,2022-09-04T17:55:12.000Z,500003,185,20.3,1925,32,0,2,0,2,0
80290,2022-09-06T11:17:24.000Z,2022-09-06T16:17:24.000Z,500004,606,61.8,827,50,5,0,3,2,0
80290,2022-09-07T11:25:42.000Z,2022-09-07T15:25:42.000Z,500002,242,25.7,1767,106,6,4,4,7,0
80290,2022-09-09T11:33:34.000Z,2022-09-09T16:33:34.000Z,500003,416,41.9,1212,43,0,3,0,0,0
80290,2022-09-11T10:48:47.000Z,2022-09-11T14:48:47.000Z,500002,86,10.1,1631,63,0,0,3,2,2
80290,2022-09-13T11:21:44.000Z,2022-09-13T16:21:44.000Z,500003,157,16.1,1984,103,0,0,4,2,0
80290,2022-09-14T10:01:51.000Z,2022-09-14T14:01:51.000Z,500004,403,40.8,2200,79,0,0,5,0,6
80290,2022-09-16T10:27:16.000Z,2022-09-16T16:27:16.000Z,500002,253,26.7,1560,51,5,0,0,6,2
80290,2022-09-17T11:41:20.000Z,2022-09-17T18:41:20.000Z,500004,540,55.3,1082,83,6,1,3,0,3
80290,2022-09-18T11:32:49.000Z,2022-09-18T16:32:49.000Z,500003,344,34.5,1046,67,0,2,0,6,0
80290,2022-09-20T10:58:04.000Z,2022-09-20T16:58:04.000Z,500003,416,42.3,1295,61,3,2,0,0,6
80290,2022-09-21T10:56:20.000Z,2022-09-21T16:56:20.000Z,500004,302,30.7,1927,59,2,4,3,0,0
80290,2022-09-23T10:28:26.000Z,2022-09-23T14:28:26.000Z,500003,69,8.2,1481,34,0,3,0,0,0
80290,2022-09-24T11:44:51.000Z,2022-09-24T16:44:51.000Z,500003,227,23.4,1079,55,6,5,3,2,0
80290,2022-09-25T10:19:45.000Z,2022-09-25T14:19:45.000Z,500003,69,8.5,2094,57,0,0,4,6,5
80290,2022-09-27T11:20:06.000Z,2022-09-27T18:20:06.000Z,500003,226,24.3,1230,131,0,2,0,4,6
80290,2022-10-01T11:23:17.000Z,2022-10-01T16:23:17.000Z,500004,130,14.5,2033,84,0,5,4,4,3
80290,2022-10-03T11:33:11.000Z,2022-10-03T15:33:11.000Z,500003,619,62.8,1328,136,0,3,2,0,0
80290,2022-10-05T10:31:15.000Z,2022-10-05T16:31:15.000Z,500003,285,29.1,1661,43,2,0,1,6,0
80290,2022-10-07T11:55:41.000Z,2022-10-07T15:55:41.000Z,500003,343,34.5,2387,97,0,0,0,0,0
80290,2022-10-08T10:32:18.000Z,2022-10-08T17:32:18.000Z,500004,64,8.3,1119,64,0,4,5,0,0
80290,2022-10-09T11:16:09.000Z,2022-10-09T16:16:09.000Z,500004,351,35.9,977,108,0,2,3,5,0
80290,2022-10-11T11:42:04.000Z,2022-10-11T15:42:04.000Z,500004,152,17,1271,65,0,0,5,0,6
80290,2022-10-13T11:40:54.000Z,2022-10-13T17:40:54.000Z,500002,310,31.9,2491,107,4,0,4,4,0
80290,2022-10-14T10:23:48.000Z,2022-10-14T15:23:48.000Z,500003,197,20.5,2442,74,0,0,0,0,0
80290,2022-10-15T10:47:45.000Z,2022-10-15T16:47:45.000Z,500004,143,14.6,1740,47,2,0,0,0,2
80290,2022-10-17T11:26:52.000Z,2022-10-17T16:26:52.000Z,500004,170,18.2,4231,27,0,0,0,0,0
80290,2022-10-18T10:59:04.000Z,2022-10-18T15:59:04.000Z,500004,118,13.5,1375,82,0,0,0,0,0
80290,2022-10-20T10:35:37.000Z,2022-10-20T15:35:37.000Z,500002,591,60.6,1307,140,0,0,4,0,0
80290,2022-10-22T11:26:17.000Z,2022-10-22T18:26:17.000Z,500004,249,26.6,2428,42,0,3,0,0,2
80290,2022-10-23T10:44:25.000Z,2022-10-23T14:44:25.000Z,500003,136,13.8,1099,142,0,4,0,0,2
80290,2022-10-24T10:52:21.000Z,2022-10-24T14:52:21.000Z,500004,531,54.7,1764,59,0,0,0,0,0
80290,2022-10-25T10:54:16.000Z,2022-10-25T14:54:16.000Z,500002,364,36.9,868,39,1,0,4,0,2
80290,2022-10-27T11:04:03.000Z,2022-10-27T17:04:03.000Z,500002,592,59.9,1394,90,2,2,0,5,0
80290,2022-10-28T10:42:43.000Z,2022-10-28T16:42:43.000Z,500002,227,22.8,1731,163,0,0,0,0,2
80290,2022-11-01T11:54:34.000Z,2022-11-01T18:54:34.000Z,500002,201,20.9,2163,107,6,4,3,2,0
80290,2022-11-02T11:04:21.000Z,2022-11-02T17:04:21.000Z,500002,424,44.3,1008,139,0,0,0,3,6
80290,2022-11-03T11:57:43.000Z,2022-11-03T16:57:43.000Z,500004,525,54.4,1467,43,0,0,0,5,0
80290,2022-11-05T11:14:31.000Z,2022-11-05T17:14:31.000Z,500002,277,28.2,1099,85,0,0,0,0,5
80290,2022-11-07T11:16:15.000Z,2022-11-07T16:16:15.000Z,500004,617,63.2,1538,88,0,5,0,0,0
80290,2022-11-08T12:23:01.000Z,2022-11-08T19:23:01.000Z,500004,331,34.2,2181,47,0,0,4,7,1
80290,2022-11-10T11:13:48.000Z,2022-11-10T17:13:48.000Z,500002,547,54.8,1314,89,3,1,0,0,0
80290,2022-11-12T11:46:22.000Z,2022-11-12T17:46:22.000Z,500003,327,34.5,2299,20,1,0,2,6,0
80290,2022-11-13T12:47:07.000Z,2022-11-13T18:47:07.000Z,500003,558,55.9,5652,28,6,0,2,0,2
80290,2022-11-15T11:13:00.000Z,2022-11-15T15:13:00.000Z,500003,136,15,1202,71,0,0,0,4,4
80290,2022-11-16T12:51:32.000Z,2022-11-16T17:51:32.000Z,500004,150,15.4,3176,40,4,4,4,2,0
80290,2022-11-18T11:04:52.000Z,2022-11-18T18:04:52.000Z,500003,313,32.9,2283,120,0,0,0,5,0
80290,2022-11-19T12:16:52.000Z,2022-11-19T17:16:52.000Z,500003,586,59.9,1946,42,0,0,2,4,5
80290,2022-11-20T12:49:50.000Z,2022-11-20T16:49:50.000Z,500004,493,50.7,1129,66,0,0,0,3,0
80290,2022-11-21T12:10:38.000Z,2022-11-21T18:10:38.000Z,500002,525,53.2,1191,27,1,0,0,5,0
80290,2022-11-22T12:11:05.000Z,2022-11-22T18:11:05.000Z,500003,488,49,1735,41,2,0,1,6,0
80290,2022-11-23T11:01:03.000Z,2022-11-23T18:01:03.000Z,500004,544,55.5,1399,99,0,0,0,0,0
80290,2022-11-24T11:51:03.000Z,2022-11-24T17:51:03.000Z,500004,536,54.3,1495,81,6,0,4,0,0
80290,2022-11-25T12:04:10.000Z,2022-11-25T18:04:10.000Z,500002,194,19.9,1806,101,0,0,2,2,0
80290,2022-11-27T12:23:56.000Z,2022-11-27T19:23:56.000Z,500004,548,56.6,1943,103,0,3,0,0,4
80290,2022-12-01T11:30:34.000Z,2022-12-01T16:30:34.000Z,500002,335,33.7,1772,80,0,0,0,0,2
80290,2022-12-02T12:51:40.000Z,2022-12-02T16:51:40.000Z,500003,280,28.9,2025,84,4,0,0,2,0
80290,2022-12-03T12:56:46.000Z,2022-12-03T18:56:46.000Z,500003,335,35.3,1308,54,0,2,0,0,2
80290,2022-12-04T11:28:44.000Z,2022-12-04T17:28:44.000Z,500003,112,12.6,2126,102,0,0,0,0,6
80290,2022-12-05T12:13:06.000Z,2022-12-05T17:13:06.000Z,500002,84,8.7,1158,75,0,5,0,1,6
80290,2022-12-07T11:47:46.000Z,2022-12-07T16:47:46.000Z,500004,334,34.5,3854,143,4,0,0,7,0
80290,2022-12-08T12:35:21.000Z,2022-12-08T16:35:21.000Z,500004,202,21.4,1903,24,0,4,5,0,1
80290,2022-12-09T11:19:14.000Z,2022-12-09T15:19:14.000Z,500002,596,61.4,2399,61,0,5,3,3,0
80290,2022-12-11T11:09:57.000Z,2022-12-11T18:09:57.000Z,500002,214,21.5,1714,75,0,0,2,0,3
80290,2022-12-12T12:29:52.000Z,2022-12-12T19:29:52.000Z,500004,438,44.7,1650,96,0,0,0,0,0
80290,2022-12-14T11:05:44.000Z,2022-12-14T18:05:44.000Z,500003,431,43.3,1564,62,4,5,0,0,0
80290,2022-12-15T11:37:15.000Z,2022-12-15T18:37:15.000Z,500002,505,51.1,2223,109,3,0,0,7,3
80290,2022-12-16T11:06:05.000Z,2022-12-16T18:06:05.000Z,500003,393,39.3,1822,47,0,0,0,0,0
80290,2022-12-17T11:49:39.000Z,2022-12-17T18:49:39.000Z,500002,221,22.5,2034,48,0,5,4,6,0
80290,2022-12-19T12:13:29.000Z,2022-12-19T17:13:29.000Z,500003,454,47,3412,54,0,0,0,0,6
80290,2022-12-21T11:44:20.000Z,2022-12-21T16:44:20.000Z,500002,458,47.2,1222,42,2,0,2,0,0
80290,2022-12-23T12:59:08.000Z,2022-12-23T17:59:08.000Z,500004,585,59.1,3572,80,0,0,3,1,0
80290,2022-12-25T12:12:42.000Z,2022-12-25T18:12:42.000Z,500004,223,24,1550,94,0,0,4,0,3
80290,2022-12-27T12:43:27.000Z,2022-12-27T16:43:27.000Z,500003,77,9.2,1457,75,0,0,0,0,2